image,bbox,label
SNMOT-077/img1/000001.jpg,0,2
SNMOT-077/img1/000001.jpg,1,2
SNMOT-077/img1/000001.jpg,2,2
SNMOT-077/img1/000001.jpg,3,2
SNMOT-077/img1/000001.jpg,4,2
SNMOT-077/img1/000001.jpg,5,2
SNMOT-077/img1/000001.jpg,6,2
SNMOT-077/img1/000001.jpg,7,2
SNMOT-077/img1/000001.jpg,8,2
SNMOT-077/img1/000001.jpg,9,2
SNMOT-077/img1/000001.jpg,10,2
SNMOT-077/img1/000001.jpg,11,2
SNMOT-077/img1/000001.jpg,12,2
SNMOT-077/img1/000001.jpg,13,2
SNMOT-077/img1/000001.jpg,14,2
SNMOT-077/img1/000001.jpg,15,2
SNMOT-077/img1/000001.jpg,16,2
SNMOT-077/img1/000001.jpg,17,2
SNMOT-077/img1/000001.jpg,18,2
SNMOT-077/img1/000001.jpg,19,1
SNMOT-077/img1/000002.jpg,0,2
SNMOT-077/img1/000002.jpg,1,2
SNMOT-077/img1/000002.jpg,2,2
SNMOT-077/img1/000002.jpg,3,2
SNMOT-077/img1/000002.jpg,4,2
SNMOT-077/img1/000002.jpg,5,2
SNMOT-077/img1/000002.jpg,6,2
SNMOT-077/img1/000002.jpg,7,2
SNMOT-077/img1/000002.jpg,8,2
SNMOT-077/img1/000002.jpg,9,2
SNMOT-077/img1/000002.jpg,10,2
SNMOT-077/img1/000002.jpg,11,2
SNMOT-077/img1/000002.jpg,12,2
SNMOT-077/img1/000002.jpg,13,2
SNMOT-077/img1/000002.jpg,14,2
SNMOT-077/img1/000002.jpg,15,2
SNMOT-077/img1/000002.jpg,16,2
SNMOT-077/img1/000002.jpg,17,2
SNMOT-077/img1/000002.jpg,18,2
SNMOT-077/img1/000002.jpg,19,1
SNMOT-077/img1/000003.jpg,0,2
SNMOT-077/img1/000003.jpg,1,2
SNMOT-077/img1/000003.jpg,2,2
SNMOT-077/img1/000003.jpg,3,2
SNMOT-077/img1/000003.jpg,4,2
SNMOT-077/img1/000003.jpg,5,2
SNMOT-077/img1/000003.jpg,6,2
SNMOT-077/img1/000003.jpg,7,2
SNMOT-077/img1/000003.jpg,8,2
SNMOT-077/img1/000003.jpg,9,2
SNMOT-077/img1/000003.jpg,10,2
SNMOT-077/img1/000003.jpg,11,2
SNMOT-077/img1/000003.jpg,12,2
SNMOT-077/img1/000003.jpg,13,2
SNMOT-077/img1/000003.jpg,14,2
SNMOT-077/img1/000003.jpg,15,2
SNMOT-077/img1/000003.jpg,16,2
SNMOT-077/img1/000003.jpg,17,2
SNMOT-077/img1/000003.jpg,18,2
SNMOT-077/img1/000003.jpg,19,1
SNMOT-077/img1/000004.jpg,0,2
SNMOT-077/img1/000004.jpg,1,2
SNMOT-077/img1/000004.jpg,2,2
SNMOT-077/img1/000004.jpg,3,2
SNMOT-077/img1/000004.jpg,4,2
SNMOT-077/img1/000004.jpg,5,2
SNMOT-077/img1/000004.jpg,6,2
SNMOT-077/img1/000004.jpg,7,2
SNMOT-077/img1/000004.jpg,8,2
SNMOT-077/img1/000004.jpg,9,2
SNMOT-077/img1/000004.jpg,10,2
SNMOT-077/img1/000004.jpg,11,2
SNMOT-077/img1/000004.jpg,12,2
SNMOT-077/img1/000004.jpg,13,2
SNMOT-077/img1/000004.jpg,14,2
SNMOT-077/img1/000004.jpg,15,2
SNMOT-077/img1/000004.jpg,16,2
SNMOT-077/img1/000004.jpg,17,2
SNMOT-077/img1/000004.jpg,18,2
SNMOT-077/img1/000004.jpg,19,1
SNMOT-077/img1/000005.jpg,0,2
SNMOT-077/img1/000005.jpg,1,2
SNMOT-077/img1/000005.jpg,2,2
SNMOT-077/img1/000005.jpg,3,2
SNMOT-077/img1/000005.jpg,4,2
SNMOT-077/img1/000005.jpg,5,2
SNMOT-077/img1/000005.jpg,6,2
SNMOT-077/img1/000005.jpg,7,2
SNMOT-077/img1/000005.jpg,8,2
SNMOT-077/img1/000005.jpg,9,2
SNMOT-077/img1/000005.jpg,10,2
SNMOT-077/img1/000005.jpg,11,2
SNMOT-077/img1/000005.jpg,12,2
SNMOT-077/img1/000005.jpg,13,2
SNMOT-077/img1/000005.jpg,14,2
SNMOT-077/img1/000005.jpg,15,2
SNMOT-077/img1/000005.jpg,16,2
SNMOT-077/img1/000005.jpg,17,2
SNMOT-077/img1/000005.jpg,18,2
SNMOT-077/img1/000005.jpg,19,1
SNMOT-077/img1/000006.jpg,0,2
SNMOT-077/img1/000006.jpg,1,2
SNMOT-077/img1/000006.jpg,2,2
SNMOT-077/img1/000006.jpg,3,2
SNMOT-077/img1/000006.jpg,4,2
SNMOT-077/img1/000006.jpg,5,2
SNMOT-077/img1/000006.jpg,6,2
SNMOT-077/img1/000006.jpg,7,2
SNMOT-077/img1/000006.jpg,8,2
SNMOT-077/img1/000006.jpg,9,2
SNMOT-077/img1/000006.jpg,10,2
SNMOT-077/img1/000006.jpg,11,2
SNMOT-077/img1/000006.jpg,12,2
SNMOT-077/img1/000006.jpg,13,2
SNMOT-077/img1/000006.jpg,14,2
SNMOT-077/img1/000006.jpg,15,2
SNMOT-077/img1/000006.jpg,16,2
SNMOT-077/img1/000006.jpg,17,2
SNMOT-077/img1/000006.jpg,18,2
SNMOT-077/img1/000006.jpg,19,1
SNMOT-077/img1/000007.jpg,0,2
SNMOT-077/img1/000007.jpg,1,2
SNMOT-077/img1/000007.jpg,2,2
SNMOT-077/img1/000007.jpg,3,2
SNMOT-077/img1/000007.jpg,4,2
SNMOT-077/img1/000007.jpg,5,2
SNMOT-077/img1/000007.jpg,6,2
SNMOT-077/img1/000007.jpg,7,2
SNMOT-077/img1/000007.jpg,8,2
SNMOT-077/img1/000007.jpg,9,2
SNMOT-077/img1/000007.jpg,10,2
SNMOT-077/img1/000007.jpg,11,2
SNMOT-077/img1/000007.jpg,12,2
SNMOT-077/img1/000007.jpg,13,2
SNMOT-077/img1/000007.jpg,14,2
SNMOT-077/img1/000007.jpg,15,2
SNMOT-077/img1/000007.jpg,16,2
SNMOT-077/img1/000007.jpg,17,2
SNMOT-077/img1/000007.jpg,18,2
SNMOT-077/img1/000007.jpg,19,1
SNMOT-077/img1/000008.jpg,0,2
SNMOT-077/img1/000008.jpg,1,2
SNMOT-077/img1/000008.jpg,2,2
SNMOT-077/img1/000008.jpg,3,2
SNMOT-077/img1/000008.jpg,4,2
SNMOT-077/img1/000008.jpg,5,2
SNMOT-077/img1/000008.jpg,6,2
SNMOT-077/img1/000008.jpg,7,2
SNMOT-077/img1/000008.jpg,8,2
SNMOT-077/img1/000008.jpg,9,2
SNMOT-077/img1/000008.jpg,10,2
SNMOT-077/img1/000008.jpg,11,2
SNMOT-077/img1/000008.jpg,12,2
SNMOT-077/img1/000008.jpg,13,2
SNMOT-077/img1/000008.jpg,14,2
SNMOT-077/img1/000008.jpg,15,2
SNMOT-077/img1/000008.jpg,16,2
SNMOT-077/img1/000008.jpg,17,2
SNMOT-077/img1/000008.jpg,18,2
SNMOT-077/img1/000008.jpg,19,1
SNMOT-077/img1/000009.jpg,0,2
SNMOT-077/img1/000009.jpg,1,2
SNMOT-077/img1/000009.jpg,2,2
SNMOT-077/img1/000009.jpg,3,2
SNMOT-077/img1/000009.jpg,4,2
SNMOT-077/img1/000009.jpg,5,2
SNMOT-077/img1/000009.jpg,6,2
SNMOT-077/img1/000009.jpg,7,2
SNMOT-077/img1/000009.jpg,8,2
SNMOT-077/img1/000009.jpg,9,2
SNMOT-077/img1/000009.jpg,10,2
SNMOT-077/img1/000009.jpg,11,2
SNMOT-077/img1/000009.jpg,12,2
SNMOT-077/img1/000009.jpg,13,2
SNMOT-077/img1/000009.jpg,14,2
SNMOT-077/img1/000009.jpg,15,2
SNMOT-077/img1/000009.jpg,16,2
SNMOT-077/img1/000009.jpg,17,2
SNMOT-077/img1/000009.jpg,18,2
SNMOT-077/img1/000009.jpg,19,1
SNMOT-077/img1/000010.jpg,0,2
SNMOT-077/img1/000010.jpg,1,2
SNMOT-077/img1/000010.jpg,2,2
SNMOT-077/img1/000010.jpg,3,2
SNMOT-077/img1/000010.jpg,4,2
SNMOT-077/img1/000010.jpg,5,2
SNMOT-077/img1/000010.jpg,6,2
SNMOT-077/img1/000010.jpg,7,2
SNMOT-077/img1/000010.jpg,8,2
SNMOT-077/img1/000010.jpg,9,2
SNMOT-077/img1/000010.jpg,10,2
SNMOT-077/img1/000010.jpg,11,2
SNMOT-077/img1/000010.jpg,12,2
SNMOT-077/img1/000010.jpg,13,2
SNMOT-077/img1/000010.jpg,14,2
SNMOT-077/img1/000010.jpg,15,2
SNMOT-077/img1/000010.jpg,16,2
SNMOT-077/img1/000010.jpg,17,2
SNMOT-077/img1/000010.jpg,18,2
SNMOT-077/img1/000010.jpg,19,1
SNMOT-077/img1/000011.jpg,0,2
SNMOT-077/img1/000011.jpg,1,2
SNMOT-077/img1/000011.jpg,2,2
SNMOT-077/img1/000011.jpg,3,2
SNMOT-077/img1/000011.jpg,4,2
SNMOT-077/img1/000011.jpg,5,2
SNMOT-077/img1/000011.jpg,6,2
SNMOT-077/img1/000011.jpg,7,2
SNMOT-077/img1/000011.jpg,8,2
SNMOT-077/img1/000011.jpg,9,2
SNMOT-077/img1/000011.jpg,10,2
SNMOT-077/img1/000011.jpg,11,2
SNMOT-077/img1/000011.jpg,12,2
SNMOT-077/img1/000011.jpg,13,2
SNMOT-077/img1/000011.jpg,14,2
SNMOT-077/img1/000011.jpg,15,2
SNMOT-077/img1/000011.jpg,16,2
SNMOT-077/img1/000011.jpg,17,2
SNMOT-077/img1/000011.jpg,18,2
SNMOT-077/img1/000011.jpg,19,1
SNMOT-077/img1/000012.jpg,0,2
SNMOT-077/img1/000012.jpg,1,2
SNMOT-077/img1/000012.jpg,2,2
SNMOT-077/img1/000012.jpg,3,2
SNMOT-077/img1/000012.jpg,4,2
SNMOT-077/img1/000012.jpg,5,2
SNMOT-077/img1/000012.jpg,6,2
SNMOT-077/img1/000012.jpg,7,2
SNMOT-077/img1/000012.jpg,8,2
SNMOT-077/img1/000012.jpg,9,2
SNMOT-077/img1/000012.jpg,10,2
SNMOT-077/img1/000012.jpg,11,2
SNMOT-077/img1/000012.jpg,12,2
SNMOT-077/img1/000012.jpg,13,2
SNMOT-077/img1/000012.jpg,14,2
SNMOT-077/img1/000012.jpg,15,2
SNMOT-077/img1/000012.jpg,16,2
SNMOT-077/img1/000012.jpg,17,2
SNMOT-077/img1/000012.jpg,18,2
SNMOT-077/img1/000012.jpg,19,1
SNMOT-077/img1/000013.jpg,0,2
SNMOT-077/img1/000013.jpg,1,2
SNMOT-077/img1/000013.jpg,2,2
SNMOT-077/img1/000013.jpg,3,2
SNMOT-077/img1/000013.jpg,4,2
SNMOT-077/img1/000013.jpg,5,2
SNMOT-077/img1/000013.jpg,6,2
SNMOT-077/img1/000013.jpg,7,2
SNMOT-077/img1/000013.jpg,8,2
SNMOT-077/img1/000013.jpg,9,2
SNMOT-077/img1/000013.jpg,10,2
SNMOT-077/img1/000013.jpg,11,2
SNMOT-077/img1/000013.jpg,12,2
SNMOT-077/img1/000013.jpg,13,2
SNMOT-077/img1/000013.jpg,14,2
SNMOT-077/img1/000013.jpg,15,2
SNMOT-077/img1/000013.jpg,16,2
SNMOT-077/img1/000013.jpg,17,2
SNMOT-077/img1/000013.jpg,18,2
SNMOT-077/img1/000013.jpg,19,1
SNMOT-077/img1/000014.jpg,0,2
SNMOT-077/img1/000014.jpg,1,2
SNMOT-077/img1/000014.jpg,2,2
SNMOT-077/img1/000014.jpg,3,2
SNMOT-077/img1/000014.jpg,4,2
SNMOT-077/img1/000014.jpg,5,2
SNMOT-077/img1/000014.jpg,6,2
SNMOT-077/img1/000014.jpg,7,2
SNMOT-077/img1/000014.jpg,8,2
SNMOT-077/img1/000014.jpg,9,2
SNMOT-077/img1/000014.jpg,10,2
SNMOT-077/img1/000014.jpg,11,2
SNMOT-077/img1/000014.jpg,12,2
SNMOT-077/img1/000014.jpg,13,2
SNMOT-077/img1/000014.jpg,14,2
SNMOT-077/img1/000014.jpg,15,2
SNMOT-077/img1/000014.jpg,16,2
SNMOT-077/img1/000014.jpg,17,2
SNMOT-077/img1/000014.jpg,18,2
SNMOT-077/img1/000014.jpg,19,1
SNMOT-077/img1/000015.jpg,0,2
SNMOT-077/img1/000015.jpg,1,2
SNMOT-077/img1/000015.jpg,2,2
SNMOT-077/img1/000015.jpg,3,2
SNMOT-077/img1/000015.jpg,4,2
SNMOT-077/img1/000015.jpg,5,2
SNMOT-077/img1/000015.jpg,6,2
SNMOT-077/img1/000015.jpg,7,2
SNMOT-077/img1/000015.jpg,8,2
SNMOT-077/img1/000015.jpg,9,2
SNMOT-077/img1/000015.jpg,10,2
SNMOT-077/img1/000015.jpg,11,2
SNMOT-077/img1/000015.jpg,12,2
SNMOT-077/img1/000015.jpg,13,2
SNMOT-077/img1/000015.jpg,14,2
SNMOT-077/img1/000015.jpg,15,2
SNMOT-077/img1/000015.jpg,16,2
SNMOT-077/img1/000015.jpg,17,2
SNMOT-077/img1/000015.jpg,18,2
SNMOT-077/img1/000015.jpg,19,1
SNMOT-077/img1/000016.jpg,0,2
SNMOT-077/img1/000016.jpg,1,2
SNMOT-077/img1/000016.jpg,2,2
SNMOT-077/img1/000016.jpg,3,2
SNMOT-077/img1/000016.jpg,4,2
SNMOT-077/img1/000016.jpg,5,2
SNMOT-077/img1/000016.jpg,6,2
SNMOT-077/img1/000016.jpg,7,2
SNMOT-077/img1/000016.jpg,8,2
SNMOT-077/img1/000016.jpg,9,2
SNMOT-077/img1/000016.jpg,10,2
SNMOT-077/img1/000016.jpg,11,2
SNMOT-077/img1/000016.jpg,12,2
SNMOT-077/img1/000016.jpg,13,2
SNMOT-077/img1/000016.jpg,14,2
SNMOT-077/img1/000016.jpg,15,2
SNMOT-077/img1/000016.jpg,16,2
SNMOT-077/img1/000016.jpg,17,2
SNMOT-077/img1/000016.jpg,18,2
SNMOT-077/img1/000016.jpg,19,1
SNMOT-077/img1/000017.jpg,0,2
SNMOT-077/img1/000017.jpg,1,2
SNMOT-077/img1/000017.jpg,2,2
SNMOT-077/img1/000017.jpg,3,2
SNMOT-077/img1/000017.jpg,4,2
SNMOT-077/img1/000017.jpg,5,2
SNMOT-077/img1/000017.jpg,6,2
SNMOT-077/img1/000017.jpg,7,2
SNMOT-077/img1/000017.jpg,8,2
SNMOT-077/img1/000017.jpg,9,2
SNMOT-077/img1/000017.jpg,10,2
SNMOT-077/img1/000017.jpg,11,2
SNMOT-077/img1/000017.jpg,12,2
SNMOT-077/img1/000017.jpg,13,2
SNMOT-077/img1/000017.jpg,14,2
SNMOT-077/img1/000017.jpg,15,2
SNMOT-077/img1/000017.jpg,16,2
SNMOT-077/img1/000017.jpg,17,2
SNMOT-077/img1/000017.jpg,18,2
SNMOT-077/img1/000017.jpg,19,1
SNMOT-077/img1/000018.jpg,0,2
SNMOT-077/img1/000018.jpg,1,2
SNMOT-077/img1/000018.jpg,2,2
SNMOT-077/img1/000018.jpg,3,2
SNMOT-077/img1/000018.jpg,4,2
SNMOT-077/img1/000018.jpg,5,2
SNMOT-077/img1/000018.jpg,6,2
SNMOT-077/img1/000018.jpg,7,2
SNMOT-077/img1/000018.jpg,8,2
SNMOT-077/img1/000018.jpg,9,2
SNMOT-077/img1/000018.jpg,10,2
SNMOT-077/img1/000018.jpg,11,2
SNMOT-077/img1/000018.jpg,12,2
SNMOT-077/img1/000018.jpg,13,2
SNMOT-077/img1/000018.jpg,14,2
SNMOT-077/img1/000018.jpg,15,2
SNMOT-077/img1/000018.jpg,16,2
SNMOT-077/img1/000018.jpg,17,2
SNMOT-077/img1/000018.jpg,18,2
SNMOT-077/img1/000018.jpg,19,1
SNMOT-077/img1/000019.jpg,0,2
SNMOT-077/img1/000019.jpg,1,2
SNMOT-077/img1/000019.jpg,2,2
SNMOT-077/img1/000019.jpg,3,2
SNMOT-077/img1/000019.jpg,4,2
SNMOT-077/img1/000019.jpg,5,2
SNMOT-077/img1/000019.jpg,6,2
SNMOT-077/img1/000019.jpg,7,2
SNMOT-077/img1/000019.jpg,8,2
SNMOT-077/img1/000019.jpg,9,2
SNMOT-077/img1/000019.jpg,10,2
SNMOT-077/img1/000019.jpg,11,2
SNMOT-077/img1/000019.jpg,12,2
SNMOT-077/img1/000019.jpg,13,2
SNMOT-077/img1/000019.jpg,14,2
SNMOT-077/img1/000019.jpg,15,2
SNMOT-077/img1/000019.jpg,16,2
SNMOT-077/img1/000019.jpg,17,2
SNMOT-077/img1/000019.jpg,18,2
SNMOT-077/img1/000019.jpg,19,1
SNMOT-077/img1/000020.jpg,0,2
SNMOT-077/img1/000020.jpg,1,2
SNMOT-077/img1/000020.jpg,2,2
SNMOT-077/img1/000020.jpg,3,2
SNMOT-077/img1/000020.jpg,4,2
SNMOT-077/img1/000020.jpg,5,2
SNMOT-077/img1/000020.jpg,6,2
SNMOT-077/img1/000020.jpg,7,2
SNMOT-077/img1/000020.jpg,8,2
SNMOT-077/img1/000020.jpg,9,2
SNMOT-077/img1/000020.jpg,10,2
SNMOT-077/img1/000020.jpg,11,2
SNMOT-077/img1/000020.jpg,12,2
SNMOT-077/img1/000020.jpg,13,2
SNMOT-077/img1/000020.jpg,14,2
SNMOT-077/img1/000020.jpg,15,2
SNMOT-077/img1/000020.jpg,16,2
SNMOT-077/img1/000020.jpg,17,2
SNMOT-077/img1/000020.jpg,18,2
SNMOT-077/img1/000020.jpg,19,1
SNMOT-077/img1/000021.jpg,0,2
SNMOT-077/img1/000021.jpg,1,2
SNMOT-077/img1/000021.jpg,2,2
SNMOT-077/img1/000021.jpg,3,2
SNMOT-077/img1/000021.jpg,4,2
SNMOT-077/img1/000021.jpg,5,2
SNMOT-077/img1/000021.jpg,6,2
SNMOT-077/img1/000021.jpg,7,2
SNMOT-077/img1/000021.jpg,8,2
SNMOT-077/img1/000021.jpg,9,2
SNMOT-077/img1/000021.jpg,10,2
SNMOT-077/img1/000021.jpg,11,2
SNMOT-077/img1/000021.jpg,12,2
SNMOT-077/img1/000021.jpg,13,2
SNMOT-077/img1/000021.jpg,14,2
SNMOT-077/img1/000021.jpg,15,2
SNMOT-077/img1/000021.jpg,16,2
SNMOT-077/img1/000021.jpg,17,2
SNMOT-077/img1/000021.jpg,18,2
SNMOT-077/img1/000021.jpg,19,1
SNMOT-077/img1/000022.jpg,0,2
SNMOT-077/img1/000022.jpg,1,2
SNMOT-077/img1/000022.jpg,2,2
SNMOT-077/img1/000022.jpg,3,2
SNMOT-077/img1/000022.jpg,4,2
SNMOT-077/img1/000022.jpg,5,2
SNMOT-077/img1/000022.jpg,6,2
SNMOT-077/img1/000022.jpg,7,2
SNMOT-077/img1/000022.jpg,8,2
SNMOT-077/img1/000022.jpg,9,2
SNMOT-077/img1/000022.jpg,10,2
SNMOT-077/img1/000022.jpg,11,2
SNMOT-077/img1/000022.jpg,12,2
SNMOT-077/img1/000022.jpg,13,2
SNMOT-077/img1/000022.jpg,14,2
SNMOT-077/img1/000022.jpg,15,2
SNMOT-077/img1/000022.jpg,16,2
SNMOT-077/img1/000022.jpg,17,2
SNMOT-077/img1/000022.jpg,18,2
SNMOT-077/img1/000022.jpg,19,1
SNMOT-077/img1/000023.jpg,0,2
SNMOT-077/img1/000023.jpg,1,2
SNMOT-077/img1/000023.jpg,2,2
SNMOT-077/img1/000023.jpg,3,2
SNMOT-077/img1/000023.jpg,4,2
SNMOT-077/img1/000023.jpg,5,2
SNMOT-077/img1/000023.jpg,6,2
SNMOT-077/img1/000023.jpg,7,2
SNMOT-077/img1/000023.jpg,8,2
SNMOT-077/img1/000023.jpg,9,2
SNMOT-077/img1/000023.jpg,10,2
SNMOT-077/img1/000023.jpg,11,2
SNMOT-077/img1/000023.jpg,12,2
SNMOT-077/img1/000023.jpg,13,2
SNMOT-077/img1/000023.jpg,14,2
SNMOT-077/img1/000023.jpg,15,2
SNMOT-077/img1/000023.jpg,16,2
SNMOT-077/img1/000023.jpg,17,2
SNMOT-077/img1/000023.jpg,18,2
SNMOT-077/img1/000023.jpg,19,1
SNMOT-077/img1/000024.jpg,0,2
SNMOT-077/img1/000024.jpg,1,2
SNMOT-077/img1/000024.jpg,2,2
SNMOT-077/img1/000024.jpg,3,2
SNMOT-077/img1/000024.jpg,4,2
SNMOT-077/img1/000024.jpg,5,2
SNMOT-077/img1/000024.jpg,6,2
SNMOT-077/img1/000024.jpg,7,2
SNMOT-077/img1/000024.jpg,8,2
SNMOT-077/img1/000024.jpg,9,2
SNMOT-077/img1/000024.jpg,10,2
SNMOT-077/img1/000024.jpg,11,2
SNMOT-077/img1/000024.jpg,12,2
SNMOT-077/img1/000024.jpg,13,2
SNMOT-077/img1/000024.jpg,14,2
SNMOT-077/img1/000024.jpg,15,2
SNMOT-077/img1/000024.jpg,16,2
SNMOT-077/img1/000024.jpg,17,2
SNMOT-077/img1/000024.jpg,18,2
SNMOT-077/img1/000024.jpg,19,1
SNMOT-077/img1/000025.jpg,0,2
SNMOT-077/img1/000025.jpg,1,2
SNMOT-077/img1/000025.jpg,2,2
SNMOT-077/img1/000025.jpg,3,2
SNMOT-077/img1/000025.jpg,4,2
SNMOT-077/img1/000025.jpg,5,2
SNMOT-077/img1/000025.jpg,6,2
SNMOT-077/img1/000025.jpg,7,2
SNMOT-077/img1/000025.jpg,8,2
SNMOT-077/img1/000025.jpg,9,2
SNMOT-077/img1/000025.jpg,10,2
SNMOT-077/img1/000025.jpg,11,2
SNMOT-077/img1/000025.jpg,12,2
SNMOT-077/img1/000025.jpg,13,2
SNMOT-077/img1/000025.jpg,14,2
SNMOT-077/img1/000025.jpg,15,2
SNMOT-077/img1/000025.jpg,16,2
SNMOT-077/img1/000025.jpg,17,2
SNMOT-077/img1/000025.jpg,18,2
SNMOT-077/img1/000025.jpg,19,1
SNMOT-077/img1/000026.jpg,0,2
SNMOT-077/img1/000026.jpg,1,2
SNMOT-077/img1/000026.jpg,2,2
SNMOT-077/img1/000026.jpg,3,2
SNMOT-077/img1/000026.jpg,4,2
SNMOT-077/img1/000026.jpg,5,2
SNMOT-077/img1/000026.jpg,6,2
SNMOT-077/img1/000026.jpg,7,2
SNMOT-077/img1/000026.jpg,8,2
SNMOT-077/img1/000026.jpg,9,2
SNMOT-077/img1/000026.jpg,10,2
SNMOT-077/img1/000026.jpg,11,2
SNMOT-077/img1/000026.jpg,12,2
SNMOT-077/img1/000026.jpg,13,2
SNMOT-077/img1/000026.jpg,14,2
SNMOT-077/img1/000026.jpg,15,2
SNMOT-077/img1/000026.jpg,16,2
SNMOT-077/img1/000026.jpg,17,2
SNMOT-077/img1/000026.jpg,18,2
SNMOT-077/img1/000026.jpg,19,1
SNMOT-077/img1/000027.jpg,0,2
SNMOT-077/img1/000027.jpg,1,2
SNMOT-077/img1/000027.jpg,2,2
SNMOT-077/img1/000027.jpg,3,2
SNMOT-077/img1/000027.jpg,4,2
SNMOT-077/img1/000027.jpg,5,2
SNMOT-077/img1/000027.jpg,6,2
SNMOT-077/img1/000027.jpg,7,2
SNMOT-077/img1/000027.jpg,8,2
SNMOT-077/img1/000027.jpg,9,2
SNMOT-077/img1/000027.jpg,10,2
SNMOT-077/img1/000027.jpg,11,2
SNMOT-077/img1/000027.jpg,12,2
SNMOT-077/img1/000027.jpg,13,2
SNMOT-077/img1/000027.jpg,14,2
SNMOT-077/img1/000027.jpg,15,2
SNMOT-077/img1/000027.jpg,16,2
SNMOT-077/img1/000027.jpg,17,2
SNMOT-077/img1/000027.jpg,18,2
SNMOT-077/img1/000027.jpg,19,1
SNMOT-077/img1/000028.jpg,0,2
SNMOT-077/img1/000028.jpg,1,2
SNMOT-077/img1/000028.jpg,2,2
SNMOT-077/img1/000028.jpg,3,2
SNMOT-077/img1/000028.jpg,4,2
SNMOT-077/img1/000028.jpg,5,2
SNMOT-077/img1/000028.jpg,6,2
SNMOT-077/img1/000028.jpg,7,2
SNMOT-077/img1/000028.jpg,8,2
SNMOT-077/img1/000028.jpg,9,2
SNMOT-077/img1/000028.jpg,10,2
SNMOT-077/img1/000028.jpg,11,2
SNMOT-077/img1/000028.jpg,12,2
SNMOT-077/img1/000028.jpg,13,2
SNMOT-077/img1/000028.jpg,14,2
SNMOT-077/img1/000028.jpg,15,2
SNMOT-077/img1/000028.jpg,16,2
SNMOT-077/img1/000028.jpg,17,2
SNMOT-077/img1/000028.jpg,18,2
SNMOT-077/img1/000028.jpg,19,1
SNMOT-077/img1/000029.jpg,0,2
SNMOT-077/img1/000029.jpg,1,2
SNMOT-077/img1/000029.jpg,2,2
SNMOT-077/img1/000029.jpg,3,2
SNMOT-077/img1/000029.jpg,4,2
SNMOT-077/img1/000029.jpg,5,2
SNMOT-077/img1/000029.jpg,6,2
SNMOT-077/img1/000029.jpg,7,2
SNMOT-077/img1/000029.jpg,8,2
SNMOT-077/img1/000029.jpg,9,2
SNMOT-077/img1/000029.jpg,10,2
SNMOT-077/img1/000029.jpg,11,2
SNMOT-077/img1/000029.jpg,12,2
SNMOT-077/img1/000029.jpg,13,2
SNMOT-077/img1/000029.jpg,14,2
SNMOT-077/img1/000029.jpg,15,2
SNMOT-077/img1/000029.jpg,16,2
SNMOT-077/img1/000029.jpg,17,2
SNMOT-077/img1/000029.jpg,18,2
SNMOT-077/img1/000029.jpg,19,1
SNMOT-077/img1/000030.jpg,0,2
SNMOT-077/img1/000030.jpg,1,2
SNMOT-077/img1/000030.jpg,2,2
SNMOT-077/img1/000030.jpg,3,2
SNMOT-077/img1/000030.jpg,4,2
SNMOT-077/img1/000030.jpg,5,2
SNMOT-077/img1/000030.jpg,6,2
SNMOT-077/img1/000030.jpg,7,2
SNMOT-077/img1/000030.jpg,8,2
SNMOT-077/img1/000030.jpg,9,2
SNMOT-077/img1/000030.jpg,10,2
SNMOT-077/img1/000030.jpg,11,2
SNMOT-077/img1/000030.jpg,12,2
SNMOT-077/img1/000030.jpg,13,2
SNMOT-077/img1/000030.jpg,14,2
SNMOT-077/img1/000030.jpg,15,2
SNMOT-077/img1/000030.jpg,16,2
SNMOT-077/img1/000030.jpg,17,2
SNMOT-077/img1/000030.jpg,18,2
SNMOT-077/img1/000030.jpg,19,1
SNMOT-077/img1/000031.jpg,0,2
SNMOT-077/img1/000031.jpg,1,2
SNMOT-077/img1/000031.jpg,2,2
SNMOT-077/img1/000031.jpg,3,2
SNMOT-077/img1/000031.jpg,4,2
SNMOT-077/img1/000031.jpg,5,2
SNMOT-077/img1/000031.jpg,6,2
SNMOT-077/img1/000031.jpg,7,2
SNMOT-077/img1/000031.jpg,8,2
SNMOT-077/img1/000031.jpg,9,2
SNMOT-077/img1/000031.jpg,10,2
SNMOT-077/img1/000031.jpg,11,2
SNMOT-077/img1/000031.jpg,12,2
SNMOT-077/img1/000031.jpg,13,2
SNMOT-077/img1/000031.jpg,14,2
SNMOT-077/img1/000031.jpg,15,2
SNMOT-077/img1/000031.jpg,16,2
SNMOT-077/img1/000031.jpg,17,2
SNMOT-077/img1/000031.jpg,18,2
SNMOT-077/img1/000031.jpg,19,1
SNMOT-077/img1/000032.jpg,0,2
SNMOT-077/img1/000032.jpg,1,2
SNMOT-077/img1/000032.jpg,2,2
SNMOT-077/img1/000032.jpg,3,2
SNMOT-077/img1/000032.jpg,4,2
SNMOT-077/img1/000032.jpg,5,2
SNMOT-077/img1/000032.jpg,6,2
SNMOT-077/img1/000032.jpg,7,2
SNMOT-077/img1/000032.jpg,8,2
SNMOT-077/img1/000032.jpg,9,2
SNMOT-077/img1/000032.jpg,10,2
SNMOT-077/img1/000032.jpg,11,2
SNMOT-077/img1/000032.jpg,12,2
SNMOT-077/img1/000032.jpg,13,2
SNMOT-077/img1/000032.jpg,14,2
SNMOT-077/img1/000032.jpg,15,2
SNMOT-077/img1/000032.jpg,16,2
SNMOT-077/img1/000032.jpg,17,2
SNMOT-077/img1/000032.jpg,18,2
SNMOT-077/img1/000032.jpg,19,1
SNMOT-077/img1/000033.jpg,0,2
SNMOT-077/img1/000033.jpg,1,2
SNMOT-077/img1/000033.jpg,2,2
SNMOT-077/img1/000033.jpg,3,2
SNMOT-077/img1/000033.jpg,4,2
SNMOT-077/img1/000033.jpg,5,2
SNMOT-077/img1/000033.jpg,6,2
SNMOT-077/img1/000033.jpg,7,2
SNMOT-077/img1/000033.jpg,8,2
SNMOT-077/img1/000033.jpg,9,2
SNMOT-077/img1/000033.jpg,10,2
SNMOT-077/img1/000033.jpg,11,2
SNMOT-077/img1/000033.jpg,12,2
SNMOT-077/img1/000033.jpg,13,2
SNMOT-077/img1/000033.jpg,14,2
SNMOT-077/img1/000033.jpg,15,2
SNMOT-077/img1/000033.jpg,16,2
SNMOT-077/img1/000033.jpg,17,2
SNMOT-077/img1/000033.jpg,18,2
SNMOT-077/img1/000033.jpg,19,1
SNMOT-077/img1/000034.jpg,0,2
SNMOT-077/img1/000034.jpg,1,2
SNMOT-077/img1/000034.jpg,2,2
SNMOT-077/img1/000034.jpg,3,2
SNMOT-077/img1/000034.jpg,4,2
SNMOT-077/img1/000034.jpg,5,2
SNMOT-077/img1/000034.jpg,6,2
SNMOT-077/img1/000034.jpg,7,2
SNMOT-077/img1/000034.jpg,8,2
SNMOT-077/img1/000034.jpg,9,2
SNMOT-077/img1/000034.jpg,10,2
SNMOT-077/img1/000034.jpg,11,2
SNMOT-077/img1/000034.jpg,12,2
SNMOT-077/img1/000034.jpg,13,2
SNMOT-077/img1/000034.jpg,14,2
SNMOT-077/img1/000034.jpg,15,2
SNMOT-077/img1/000034.jpg,16,2
SNMOT-077/img1/000034.jpg,17,2
SNMOT-077/img1/000034.jpg,18,2
SNMOT-077/img1/000034.jpg,19,1
SNMOT-077/img1/000035.jpg,0,2
SNMOT-077/img1/000035.jpg,1,2
SNMOT-077/img1/000035.jpg,2,2
SNMOT-077/img1/000035.jpg,3,2
SNMOT-077/img1/000035.jpg,4,2
SNMOT-077/img1/000035.jpg,5,2
SNMOT-077/img1/000035.jpg,6,2
SNMOT-077/img1/000035.jpg,7,2
SNMOT-077/img1/000035.jpg,8,2
SNMOT-077/img1/000035.jpg,9,2
SNMOT-077/img1/000035.jpg,10,2
SNMOT-077/img1/000035.jpg,11,2
SNMOT-077/img1/000035.jpg,12,2
SNMOT-077/img1/000035.jpg,13,2
SNMOT-077/img1/000035.jpg,14,2
SNMOT-077/img1/000035.jpg,15,2
SNMOT-077/img1/000035.jpg,16,2
SNMOT-077/img1/000035.jpg,17,2
SNMOT-077/img1/000035.jpg,18,2
SNMOT-077/img1/000035.jpg,19,1
SNMOT-077/img1/000036.jpg,0,2
SNMOT-077/img1/000036.jpg,1,2
SNMOT-077/img1/000036.jpg,2,2
SNMOT-077/img1/000036.jpg,3,2
SNMOT-077/img1/000036.jpg,4,2
SNMOT-077/img1/000036.jpg,5,2
SNMOT-077/img1/000036.jpg,6,2
SNMOT-077/img1/000036.jpg,7,2
SNMOT-077/img1/000036.jpg,8,2
SNMOT-077/img1/000036.jpg,9,2
SNMOT-077/img1/000036.jpg,10,2
SNMOT-077/img1/000036.jpg,11,2
SNMOT-077/img1/000036.jpg,12,2
SNMOT-077/img1/000036.jpg,13,2
SNMOT-077/img1/000036.jpg,14,2
SNMOT-077/img1/000036.jpg,15,2
SNMOT-077/img1/000036.jpg,16,2
SNMOT-077/img1/000036.jpg,17,2
SNMOT-077/img1/000036.jpg,18,2
SNMOT-077/img1/000036.jpg,19,1
SNMOT-077/img1/000037.jpg,0,2
SNMOT-077/img1/000037.jpg,1,2
SNMOT-077/img1/000037.jpg,2,2
SNMOT-077/img1/000037.jpg,3,2
SNMOT-077/img1/000037.jpg,4,2
SNMOT-077/img1/000037.jpg,5,2
SNMOT-077/img1/000037.jpg,6,2
SNMOT-077/img1/000037.jpg,7,2
SNMOT-077/img1/000037.jpg,8,2
SNMOT-077/img1/000037.jpg,9,2
SNMOT-077/img1/000037.jpg,10,2
SNMOT-077/img1/000037.jpg,11,2
SNMOT-077/img1/000037.jpg,12,2
SNMOT-077/img1/000037.jpg,13,2
SNMOT-077/img1/000037.jpg,14,2
SNMOT-077/img1/000037.jpg,15,2
SNMOT-077/img1/000037.jpg,16,2
SNMOT-077/img1/000037.jpg,17,2
SNMOT-077/img1/000037.jpg,18,2
SNMOT-077/img1/000037.jpg,19,1
SNMOT-077/img1/000038.jpg,0,2
SNMOT-077/img1/000038.jpg,1,2
SNMOT-077/img1/000038.jpg,2,2
SNMOT-077/img1/000038.jpg,3,2
SNMOT-077/img1/000038.jpg,4,2
SNMOT-077/img1/000038.jpg,5,2
SNMOT-077/img1/000038.jpg,6,2
SNMOT-077/img1/000038.jpg,7,2
SNMOT-077/img1/000038.jpg,8,2
SNMOT-077/img1/000038.jpg,9,2
SNMOT-077/img1/000038.jpg,10,2
SNMOT-077/img1/000038.jpg,11,2
SNMOT-077/img1/000038.jpg,12,2
SNMOT-077/img1/000038.jpg,13,2
SNMOT-077/img1/000038.jpg,14,2
SNMOT-077/img1/000038.jpg,15,2
SNMOT-077/img1/000038.jpg,16,2
SNMOT-077/img1/000038.jpg,17,2
SNMOT-077/img1/000038.jpg,18,2
SNMOT-077/img1/000038.jpg,19,1
SNMOT-077/img1/000039.jpg,0,2
SNMOT-077/img1/000039.jpg,1,2
SNMOT-077/img1/000039.jpg,2,2
SNMOT-077/img1/000039.jpg,3,2
SNMOT-077/img1/000039.jpg,4,2
SNMOT-077/img1/000039.jpg,5,2
SNMOT-077/img1/000039.jpg,6,2
SNMOT-077/img1/000039.jpg,7,2
SNMOT-077/img1/000039.jpg,8,2
SNMOT-077/img1/000039.jpg,9,2
SNMOT-077/img1/000039.jpg,10,2
SNMOT-077/img1/000039.jpg,11,2
SNMOT-077/img1/000039.jpg,12,2
SNMOT-077/img1/000039.jpg,13,2
SNMOT-077/img1/000039.jpg,14,2
SNMOT-077/img1/000039.jpg,15,2
SNMOT-077/img1/000039.jpg,16,2
SNMOT-077/img1/000039.jpg,17,2
SNMOT-077/img1/000039.jpg,18,2
SNMOT-077/img1/000039.jpg,19,1
SNMOT-077/img1/000040.jpg,0,2
SNMOT-077/img1/000040.jpg,1,2
SNMOT-077/img1/000040.jpg,2,2
SNMOT-077/img1/000040.jpg,3,2
SNMOT-077/img1/000040.jpg,4,2
SNMOT-077/img1/000040.jpg,5,2
SNMOT-077/img1/000040.jpg,6,2
SNMOT-077/img1/000040.jpg,7,2
SNMOT-077/img1/000040.jpg,8,2
SNMOT-077/img1/000040.jpg,9,2
SNMOT-077/img1/000040.jpg,10,2
SNMOT-077/img1/000040.jpg,11,2
SNMOT-077/img1/000040.jpg,12,2
SNMOT-077/img1/000040.jpg,13,2
SNMOT-077/img1/000040.jpg,14,2
SNMOT-077/img1/000040.jpg,15,2
SNMOT-077/img1/000040.jpg,16,2
SNMOT-077/img1/000040.jpg,17,2
SNMOT-077/img1/000040.jpg,18,2
SNMOT-077/img1/000040.jpg,19,1
SNMOT-077/img1/000041.jpg,0,2
SNMOT-077/img1/000041.jpg,1,2
SNMOT-077/img1/000041.jpg,2,2
SNMOT-077/img1/000041.jpg,3,2
SNMOT-077/img1/000041.jpg,4,2
SNMOT-077/img1/000041.jpg,5,2
SNMOT-077/img1/000041.jpg,6,2
SNMOT-077/img1/000041.jpg,7,2
SNMOT-077/img1/000041.jpg,8,2
SNMOT-077/img1/000041.jpg,9,2
SNMOT-077/img1/000041.jpg,10,2
SNMOT-077/img1/000041.jpg,11,2
SNMOT-077/img1/000041.jpg,12,2
SNMOT-077/img1/000041.jpg,13,2
SNMOT-077/img1/000041.jpg,14,2
SNMOT-077/img1/000041.jpg,15,2
SNMOT-077/img1/000041.jpg,16,2
SNMOT-077/img1/000041.jpg,17,2
SNMOT-077/img1/000041.jpg,18,2
SNMOT-077/img1/000041.jpg,19,1
SNMOT-077/img1/000042.jpg,0,2
SNMOT-077/img1/000042.jpg,1,2
SNMOT-077/img1/000042.jpg,2,2
SNMOT-077/img1/000042.jpg,3,2
SNMOT-077/img1/000042.jpg,4,2
SNMOT-077/img1/000042.jpg,5,2
SNMOT-077/img1/000042.jpg,6,2
SNMOT-077/img1/000042.jpg,7,2
SNMOT-077/img1/000042.jpg,8,2
SNMOT-077/img1/000042.jpg,9,2
SNMOT-077/img1/000042.jpg,10,2
SNMOT-077/img1/000042.jpg,11,2
SNMOT-077/img1/000042.jpg,12,2
SNMOT-077/img1/000042.jpg,13,2
SNMOT-077/img1/000042.jpg,14,2
SNMOT-077/img1/000042.jpg,15,2
SNMOT-077/img1/000042.jpg,16,2
SNMOT-077/img1/000042.jpg,17,2
SNMOT-077/img1/000042.jpg,18,2
SNMOT-077/img1/000042.jpg,19,1
SNMOT-077/img1/000043.jpg,0,2
SNMOT-077/img1/000043.jpg,1,2
SNMOT-077/img1/000043.jpg,2,2
SNMOT-077/img1/000043.jpg,3,2
SNMOT-077/img1/000043.jpg,4,2
SNMOT-077/img1/000043.jpg,5,2
SNMOT-077/img1/000043.jpg,6,2
SNMOT-077/img1/000043.jpg,7,2
SNMOT-077/img1/000043.jpg,8,2
SNMOT-077/img1/000043.jpg,9,2
SNMOT-077/img1/000043.jpg,10,2
SNMOT-077/img1/000043.jpg,11,2
SNMOT-077/img1/000043.jpg,12,2
SNMOT-077/img1/000043.jpg,13,2
SNMOT-077/img1/000043.jpg,14,2
SNMOT-077/img1/000043.jpg,15,2
SNMOT-077/img1/000043.jpg,16,2
SNMOT-077/img1/000043.jpg,17,2
SNMOT-077/img1/000043.jpg,18,2
SNMOT-077/img1/000043.jpg,19,1
SNMOT-077/img1/000044.jpg,0,2
SNMOT-077/img1/000044.jpg,1,2
SNMOT-077/img1/000044.jpg,2,2
SNMOT-077/img1/000044.jpg,3,2
SNMOT-077/img1/000044.jpg,4,2
SNMOT-077/img1/000044.jpg,5,2
SNMOT-077/img1/000044.jpg,6,2
SNMOT-077/img1/000044.jpg,7,2
SNMOT-077/img1/000044.jpg,8,2
SNMOT-077/img1/000044.jpg,9,2
SNMOT-077/img1/000044.jpg,10,2
SNMOT-077/img1/000044.jpg,11,2
SNMOT-077/img1/000044.jpg,12,2
SNMOT-077/img1/000044.jpg,13,2
SNMOT-077/img1/000044.jpg,14,2
SNMOT-077/img1/000044.jpg,15,2
SNMOT-077/img1/000044.jpg,16,2
SNMOT-077/img1/000044.jpg,17,2
SNMOT-077/img1/000044.jpg,18,2
SNMOT-077/img1/000044.jpg,19,1
SNMOT-077/img1/000045.jpg,0,2
SNMOT-077/img1/000045.jpg,1,2
SNMOT-077/img1/000045.jpg,2,2
SNMOT-077/img1/000045.jpg,3,2
SNMOT-077/img1/000045.jpg,4,2
SNMOT-077/img1/000045.jpg,5,2
SNMOT-077/img1/000045.jpg,6,2
SNMOT-077/img1/000045.jpg,7,2
SNMOT-077/img1/000045.jpg,8,2
SNMOT-077/img1/000045.jpg,9,2
SNMOT-077/img1/000045.jpg,10,2
SNMOT-077/img1/000045.jpg,11,2
SNMOT-077/img1/000045.jpg,12,2
SNMOT-077/img1/000045.jpg,13,2
SNMOT-077/img1/000045.jpg,14,2
SNMOT-077/img1/000045.jpg,15,2
SNMOT-077/img1/000045.jpg,16,2
SNMOT-077/img1/000045.jpg,17,2
SNMOT-077/img1/000045.jpg,18,2
SNMOT-077/img1/000045.jpg,19,1
SNMOT-077/img1/000046.jpg,0,2
SNMOT-077/img1/000046.jpg,1,2
SNMOT-077/img1/000046.jpg,2,2
SNMOT-077/img1/000046.jpg,3,2
SNMOT-077/img1/000046.jpg,4,2
SNMOT-077/img1/000046.jpg,5,2
SNMOT-077/img1/000046.jpg,6,2
SNMOT-077/img1/000046.jpg,7,2
SNMOT-077/img1/000046.jpg,8,2
SNMOT-077/img1/000046.jpg,9,2
SNMOT-077/img1/000046.jpg,10,2
SNMOT-077/img1/000046.jpg,11,2
SNMOT-077/img1/000046.jpg,12,2
SNMOT-077/img1/000046.jpg,13,2
SNMOT-077/img1/000046.jpg,14,2
SNMOT-077/img1/000046.jpg,15,2
SNMOT-077/img1/000046.jpg,16,2
SNMOT-077/img1/000046.jpg,17,2
SNMOT-077/img1/000046.jpg,18,2
SNMOT-077/img1/000046.jpg,19,1
SNMOT-077/img1/000047.jpg,0,2
SNMOT-077/img1/000047.jpg,1,2
SNMOT-077/img1/000047.jpg,2,2
SNMOT-077/img1/000047.jpg,3,2
SNMOT-077/img1/000047.jpg,4,2
SNMOT-077/img1/000047.jpg,5,2
SNMOT-077/img1/000047.jpg,6,2
SNMOT-077/img1/000047.jpg,7,2
SNMOT-077/img1/000047.jpg,8,2
SNMOT-077/img1/000047.jpg,9,2
SNMOT-077/img1/000047.jpg,10,2
SNMOT-077/img1/000047.jpg,11,2
SNMOT-077/img1/000047.jpg,12,2
SNMOT-077/img1/000047.jpg,13,2
SNMOT-077/img1/000047.jpg,14,2
SNMOT-077/img1/000047.jpg,15,2
SNMOT-077/img1/000047.jpg,16,2
SNMOT-077/img1/000047.jpg,17,2
SNMOT-077/img1/000047.jpg,18,2
SNMOT-077/img1/000047.jpg,19,1
SNMOT-077/img1/000048.jpg,0,2
SNMOT-077/img1/000048.jpg,1,2
SNMOT-077/img1/000048.jpg,2,2
SNMOT-077/img1/000048.jpg,3,2
SNMOT-077/img1/000048.jpg,4,2
SNMOT-077/img1/000048.jpg,5,2
SNMOT-077/img1/000048.jpg,6,2
SNMOT-077/img1/000048.jpg,7,2
SNMOT-077/img1/000048.jpg,8,2
SNMOT-077/img1/000048.jpg,9,2
SNMOT-077/img1/000048.jpg,10,2
SNMOT-077/img1/000048.jpg,11,2
SNMOT-077/img1/000048.jpg,12,2
SNMOT-077/img1/000048.jpg,13,2
SNMOT-077/img1/000048.jpg,14,2
SNMOT-077/img1/000048.jpg,15,2
SNMOT-077/img1/000048.jpg,16,2
SNMOT-077/img1/000048.jpg,17,2
SNMOT-077/img1/000048.jpg,18,2
SNMOT-077/img1/000048.jpg,19,1
SNMOT-077/img1/000049.jpg,0,2
SNMOT-077/img1/000049.jpg,1,2
SNMOT-077/img1/000049.jpg,2,2
SNMOT-077/img1/000049.jpg,3,2
SNMOT-077/img1/000049.jpg,4,2
SNMOT-077/img1/000049.jpg,5,2
SNMOT-077/img1/000049.jpg,6,2
SNMOT-077/img1/000049.jpg,7,2
SNMOT-077/img1/000049.jpg,8,2
SNMOT-077/img1/000049.jpg,9,2
SNMOT-077/img1/000049.jpg,10,2
SNMOT-077/img1/000049.jpg,11,2
SNMOT-077/img1/000049.jpg,12,2
SNMOT-077/img1/000049.jpg,13,2
SNMOT-077/img1/000049.jpg,14,2
SNMOT-077/img1/000049.jpg,15,2
SNMOT-077/img1/000049.jpg,16,2
SNMOT-077/img1/000049.jpg,17,2
SNMOT-077/img1/000049.jpg,18,2
SNMOT-077/img1/000049.jpg,19,1
SNMOT-077/img1/000050.jpg,0,2
SNMOT-077/img1/000050.jpg,1,2
SNMOT-077/img1/000050.jpg,2,2
SNMOT-077/img1/000050.jpg,3,2
SNMOT-077/img1/000050.jpg,4,2
SNMOT-077/img1/000050.jpg,5,2
SNMOT-077/img1/000050.jpg,6,2
SNMOT-077/img1/000050.jpg,7,2
SNMOT-077/img1/000050.jpg,8,2
SNMOT-077/img1/000050.jpg,9,2
SNMOT-077/img1/000050.jpg,10,2
SNMOT-077/img1/000050.jpg,11,2
SNMOT-077/img1/000050.jpg,12,2
SNMOT-077/img1/000050.jpg,13,2
SNMOT-077/img1/000050.jpg,14,2
SNMOT-077/img1/000050.jpg,15,2
SNMOT-077/img1/000050.jpg,16,2
SNMOT-077/img1/000050.jpg,17,2
SNMOT-077/img1/000050.jpg,18,2
SNMOT-077/img1/000050.jpg,19,1
SNMOT-077/img1/000051.jpg,0,2
SNMOT-077/img1/000051.jpg,1,2
SNMOT-077/img1/000051.jpg,2,2
SNMOT-077/img1/000051.jpg,3,2
SNMOT-077/img1/000051.jpg,4,2
SNMOT-077/img1/000051.jpg,5,2
SNMOT-077/img1/000051.jpg,6,2
SNMOT-077/img1/000051.jpg,7,2
SNMOT-077/img1/000051.jpg,8,2
SNMOT-077/img1/000051.jpg,9,2
SNMOT-077/img1/000051.jpg,10,2
SNMOT-077/img1/000051.jpg,11,2
SNMOT-077/img1/000051.jpg,12,2
SNMOT-077/img1/000051.jpg,13,2
SNMOT-077/img1/000051.jpg,14,2
SNMOT-077/img1/000051.jpg,15,2
SNMOT-077/img1/000051.jpg,16,2
SNMOT-077/img1/000051.jpg,17,2
SNMOT-077/img1/000051.jpg,18,2
SNMOT-077/img1/000051.jpg,19,1
SNMOT-077/img1/000052.jpg,0,2
SNMOT-077/img1/000052.jpg,1,2
SNMOT-077/img1/000052.jpg,2,2
SNMOT-077/img1/000052.jpg,3,2
SNMOT-077/img1/000052.jpg,4,2
SNMOT-077/img1/000052.jpg,5,2
SNMOT-077/img1/000052.jpg,6,2
SNMOT-077/img1/000052.jpg,7,2
SNMOT-077/img1/000052.jpg,8,2
SNMOT-077/img1/000052.jpg,9,2
SNMOT-077/img1/000052.jpg,10,2
SNMOT-077/img1/000052.jpg,11,2
SNMOT-077/img1/000052.jpg,12,2
SNMOT-077/img1/000052.jpg,13,2
SNMOT-077/img1/000052.jpg,14,2
SNMOT-077/img1/000052.jpg,15,2
SNMOT-077/img1/000052.jpg,16,2
SNMOT-077/img1/000052.jpg,17,2
SNMOT-077/img1/000052.jpg,18,2
SNMOT-077/img1/000052.jpg,19,1
SNMOT-077/img1/000053.jpg,0,2
SNMOT-077/img1/000053.jpg,1,2
SNMOT-077/img1/000053.jpg,2,2
SNMOT-077/img1/000053.jpg,3,2
SNMOT-077/img1/000053.jpg,4,2
SNMOT-077/img1/000053.jpg,5,2
SNMOT-077/img1/000053.jpg,6,2
SNMOT-077/img1/000053.jpg,7,2
SNMOT-077/img1/000053.jpg,8,2
SNMOT-077/img1/000053.jpg,9,2
SNMOT-077/img1/000053.jpg,10,2
SNMOT-077/img1/000053.jpg,11,2
SNMOT-077/img1/000053.jpg,12,2
SNMOT-077/img1/000053.jpg,13,2
SNMOT-077/img1/000053.jpg,14,2
SNMOT-077/img1/000053.jpg,15,2
SNMOT-077/img1/000053.jpg,16,2
SNMOT-077/img1/000053.jpg,17,2
SNMOT-077/img1/000053.jpg,18,2
SNMOT-077/img1/000053.jpg,19,1
SNMOT-077/img1/000054.jpg,0,2
SNMOT-077/img1/000054.jpg,1,2
SNMOT-077/img1/000054.jpg,2,2
SNMOT-077/img1/000054.jpg,3,2
SNMOT-077/img1/000054.jpg,4,2
SNMOT-077/img1/000054.jpg,5,2
SNMOT-077/img1/000054.jpg,6,2
SNMOT-077/img1/000054.jpg,7,2
SNMOT-077/img1/000054.jpg,8,2
SNMOT-077/img1/000054.jpg,9,2
SNMOT-077/img1/000054.jpg,10,2
SNMOT-077/img1/000054.jpg,11,2
SNMOT-077/img1/000054.jpg,12,2
SNMOT-077/img1/000054.jpg,13,2
SNMOT-077/img1/000054.jpg,14,2
SNMOT-077/img1/000054.jpg,15,2
SNMOT-077/img1/000054.jpg,16,2
SNMOT-077/img1/000054.jpg,17,2
SNMOT-077/img1/000054.jpg,18,2
SNMOT-077/img1/000054.jpg,19,1
SNMOT-077/img1/000055.jpg,0,2
SNMOT-077/img1/000055.jpg,1,2
SNMOT-077/img1/000055.jpg,2,2
SNMOT-077/img1/000055.jpg,3,2
SNMOT-077/img1/000055.jpg,4,2
SNMOT-077/img1/000055.jpg,5,2
SNMOT-077/img1/000055.jpg,6,2
SNMOT-077/img1/000055.jpg,7,2
SNMOT-077/img1/000055.jpg,8,2
SNMOT-077/img1/000055.jpg,9,2
SNMOT-077/img1/000055.jpg,10,2
SNMOT-077/img1/000055.jpg,11,2
SNMOT-077/img1/000055.jpg,12,2
SNMOT-077/img1/000055.jpg,13,2
SNMOT-077/img1/000055.jpg,14,2
SNMOT-077/img1/000055.jpg,15,2
SNMOT-077/img1/000055.jpg,16,2
SNMOT-077/img1/000055.jpg,17,2
SNMOT-077/img1/000055.jpg,18,2
SNMOT-077/img1/000055.jpg,19,1
SNMOT-077/img1/000056.jpg,0,2
SNMOT-077/img1/000056.jpg,1,2
SNMOT-077/img1/000056.jpg,2,2
SNMOT-077/img1/000056.jpg,3,2
SNMOT-077/img1/000056.jpg,4,2
SNMOT-077/img1/000056.jpg,5,2
SNMOT-077/img1/000056.jpg,6,2
SNMOT-077/img1/000056.jpg,7,2
SNMOT-077/img1/000056.jpg,8,2
SNMOT-077/img1/000056.jpg,9,2
SNMOT-077/img1/000056.jpg,10,2
SNMOT-077/img1/000056.jpg,11,2
SNMOT-077/img1/000056.jpg,12,2
SNMOT-077/img1/000056.jpg,13,2
SNMOT-077/img1/000056.jpg,14,2
SNMOT-077/img1/000056.jpg,15,2
SNMOT-077/img1/000056.jpg,16,2
SNMOT-077/img1/000056.jpg,17,2
SNMOT-077/img1/000056.jpg,18,2
SNMOT-077/img1/000056.jpg,19,1
SNMOT-077/img1/000057.jpg,0,2
SNMOT-077/img1/000057.jpg,1,2
SNMOT-077/img1/000057.jpg,2,2
SNMOT-077/img1/000057.jpg,3,2
SNMOT-077/img1/000057.jpg,4,2
SNMOT-077/img1/000057.jpg,5,2
SNMOT-077/img1/000057.jpg,6,2
SNMOT-077/img1/000057.jpg,7,2
SNMOT-077/img1/000057.jpg,8,2
SNMOT-077/img1/000057.jpg,9,2
SNMOT-077/img1/000057.jpg,10,2
SNMOT-077/img1/000057.jpg,11,2
SNMOT-077/img1/000057.jpg,12,2
SNMOT-077/img1/000057.jpg,13,2
SNMOT-077/img1/000057.jpg,14,2
SNMOT-077/img1/000057.jpg,15,2
SNMOT-077/img1/000057.jpg,16,2
SNMOT-077/img1/000057.jpg,17,2
SNMOT-077/img1/000057.jpg,18,2
SNMOT-077/img1/000057.jpg,19,1
SNMOT-077/img1/000058.jpg,0,2
SNMOT-077/img1/000058.jpg,1,2
SNMOT-077/img1/000058.jpg,2,2
SNMOT-077/img1/000058.jpg,3,2
SNMOT-077/img1/000058.jpg,4,2
SNMOT-077/img1/000058.jpg,5,2
SNMOT-077/img1/000058.jpg,6,2
SNMOT-077/img1/000058.jpg,7,2
SNMOT-077/img1/000058.jpg,8,2
SNMOT-077/img1/000058.jpg,9,2
SNMOT-077/img1/000058.jpg,10,2
SNMOT-077/img1/000058.jpg,11,2
SNMOT-077/img1/000058.jpg,12,2
SNMOT-077/img1/000058.jpg,13,2
SNMOT-077/img1/000058.jpg,14,2
SNMOT-077/img1/000058.jpg,15,2
SNMOT-077/img1/000058.jpg,16,2
SNMOT-077/img1/000058.jpg,17,2
SNMOT-077/img1/000058.jpg,18,2
SNMOT-077/img1/000058.jpg,19,1
SNMOT-077/img1/000059.jpg,0,2
SNMOT-077/img1/000059.jpg,1,2
SNMOT-077/img1/000059.jpg,2,2
SNMOT-077/img1/000059.jpg,3,2
SNMOT-077/img1/000059.jpg,4,2
SNMOT-077/img1/000059.jpg,5,2
SNMOT-077/img1/000059.jpg,6,2
SNMOT-077/img1/000059.jpg,7,2
SNMOT-077/img1/000059.jpg,8,2
SNMOT-077/img1/000059.jpg,9,2
SNMOT-077/img1/000059.jpg,10,2
SNMOT-077/img1/000059.jpg,11,2
SNMOT-077/img1/000059.jpg,12,2
SNMOT-077/img1/000059.jpg,13,2
SNMOT-077/img1/000059.jpg,14,2
SNMOT-077/img1/000059.jpg,15,2
SNMOT-077/img1/000059.jpg,16,2
SNMOT-077/img1/000059.jpg,17,2
SNMOT-077/img1/000059.jpg,18,2
SNMOT-077/img1/000059.jpg,19,1
SNMOT-077/img1/000060.jpg,0,2
SNMOT-077/img1/000060.jpg,1,2
SNMOT-077/img1/000060.jpg,2,2
SNMOT-077/img1/000060.jpg,3,2
SNMOT-077/img1/000060.jpg,4,2
SNMOT-077/img1/000060.jpg,5,2
SNMOT-077/img1/000060.jpg,6,2
SNMOT-077/img1/000060.jpg,7,2
SNMOT-077/img1/000060.jpg,8,2
SNMOT-077/img1/000060.jpg,9,2
SNMOT-077/img1/000060.jpg,10,2
SNMOT-077/img1/000060.jpg,11,2
SNMOT-077/img1/000060.jpg,12,2
SNMOT-077/img1/000060.jpg,13,2
SNMOT-077/img1/000060.jpg,14,2
SNMOT-077/img1/000060.jpg,15,2
SNMOT-077/img1/000060.jpg,16,2
SNMOT-077/img1/000060.jpg,17,2
SNMOT-077/img1/000060.jpg,18,2
SNMOT-077/img1/000060.jpg,19,1
SNMOT-077/img1/000061.jpg,0,2
SNMOT-077/img1/000061.jpg,1,2
SNMOT-077/img1/000061.jpg,2,2
SNMOT-077/img1/000061.jpg,3,2
SNMOT-077/img1/000061.jpg,4,2
SNMOT-077/img1/000061.jpg,5,2
SNMOT-077/img1/000061.jpg,6,2
SNMOT-077/img1/000061.jpg,7,2
SNMOT-077/img1/000061.jpg,8,2
SNMOT-077/img1/000061.jpg,9,2
SNMOT-077/img1/000061.jpg,10,2
SNMOT-077/img1/000061.jpg,11,2
SNMOT-077/img1/000061.jpg,12,2
SNMOT-077/img1/000061.jpg,13,2
SNMOT-077/img1/000061.jpg,14,2
SNMOT-077/img1/000061.jpg,15,2
SNMOT-077/img1/000061.jpg,16,2
SNMOT-077/img1/000061.jpg,17,2
SNMOT-077/img1/000061.jpg,18,2
SNMOT-077/img1/000061.jpg,19,1
SNMOT-077/img1/000062.jpg,0,2
SNMOT-077/img1/000062.jpg,1,2
SNMOT-077/img1/000062.jpg,2,2
SNMOT-077/img1/000062.jpg,3,2
SNMOT-077/img1/000062.jpg,4,2
SNMOT-077/img1/000062.jpg,5,2
SNMOT-077/img1/000062.jpg,6,2
SNMOT-077/img1/000062.jpg,7,2
SNMOT-077/img1/000062.jpg,8,2
SNMOT-077/img1/000062.jpg,9,2
SNMOT-077/img1/000062.jpg,10,2
SNMOT-077/img1/000062.jpg,11,2
SNMOT-077/img1/000062.jpg,12,2
SNMOT-077/img1/000062.jpg,13,2
SNMOT-077/img1/000062.jpg,14,2
SNMOT-077/img1/000062.jpg,15,2
SNMOT-077/img1/000062.jpg,16,2
SNMOT-077/img1/000062.jpg,17,2
SNMOT-077/img1/000062.jpg,18,2
SNMOT-077/img1/000062.jpg,19,1
SNMOT-077/img1/000063.jpg,0,2
SNMOT-077/img1/000063.jpg,1,2
SNMOT-077/img1/000063.jpg,2,2
SNMOT-077/img1/000063.jpg,3,2
SNMOT-077/img1/000063.jpg,4,2
SNMOT-077/img1/000063.jpg,5,2
SNMOT-077/img1/000063.jpg,6,2
SNMOT-077/img1/000063.jpg,7,2
SNMOT-077/img1/000063.jpg,8,2
SNMOT-077/img1/000063.jpg,9,2
SNMOT-077/img1/000063.jpg,10,2
SNMOT-077/img1/000063.jpg,11,2
SNMOT-077/img1/000063.jpg,12,2
SNMOT-077/img1/000063.jpg,13,2
SNMOT-077/img1/000063.jpg,14,2
SNMOT-077/img1/000063.jpg,15,2
SNMOT-077/img1/000063.jpg,16,2
SNMOT-077/img1/000063.jpg,17,2
SNMOT-077/img1/000063.jpg,18,2
SNMOT-077/img1/000063.jpg,19,1
SNMOT-077/img1/000064.jpg,0,2
SNMOT-077/img1/000064.jpg,1,2
SNMOT-077/img1/000064.jpg,2,2
SNMOT-077/img1/000064.jpg,3,2
SNMOT-077/img1/000064.jpg,4,2
SNMOT-077/img1/000064.jpg,5,2
SNMOT-077/img1/000064.jpg,6,2
SNMOT-077/img1/000064.jpg,7,2
SNMOT-077/img1/000064.jpg,8,2
SNMOT-077/img1/000064.jpg,9,2
SNMOT-077/img1/000064.jpg,10,2
SNMOT-077/img1/000064.jpg,11,2
SNMOT-077/img1/000064.jpg,12,2
SNMOT-077/img1/000064.jpg,13,2
SNMOT-077/img1/000064.jpg,14,2
SNMOT-077/img1/000064.jpg,15,2
SNMOT-077/img1/000064.jpg,16,2
SNMOT-077/img1/000064.jpg,17,2
SNMOT-077/img1/000064.jpg,18,2
SNMOT-077/img1/000064.jpg,19,1
SNMOT-077/img1/000065.jpg,0,2
SNMOT-077/img1/000065.jpg,1,2
SNMOT-077/img1/000065.jpg,2,2
SNMOT-077/img1/000065.jpg,3,2
SNMOT-077/img1/000065.jpg,4,2
SNMOT-077/img1/000065.jpg,5,2
SNMOT-077/img1/000065.jpg,6,2
SNMOT-077/img1/000065.jpg,7,2
SNMOT-077/img1/000065.jpg,8,2
SNMOT-077/img1/000065.jpg,9,2
SNMOT-077/img1/000065.jpg,10,2
SNMOT-077/img1/000065.jpg,11,2
SNMOT-077/img1/000065.jpg,12,2
SNMOT-077/img1/000065.jpg,13,2
SNMOT-077/img1/000065.jpg,14,2
SNMOT-077/img1/000065.jpg,15,2
SNMOT-077/img1/000065.jpg,16,2
SNMOT-077/img1/000065.jpg,17,2
SNMOT-077/img1/000065.jpg,18,2
SNMOT-077/img1/000065.jpg,19,1
SNMOT-077/img1/000066.jpg,0,2
SNMOT-077/img1/000066.jpg,1,2
SNMOT-077/img1/000066.jpg,2,2
SNMOT-077/img1/000066.jpg,3,2
SNMOT-077/img1/000066.jpg,4,2
SNMOT-077/img1/000066.jpg,5,2
SNMOT-077/img1/000066.jpg,6,2
SNMOT-077/img1/000066.jpg,7,2
SNMOT-077/img1/000066.jpg,8,2
SNMOT-077/img1/000066.jpg,9,2
SNMOT-077/img1/000066.jpg,10,2
SNMOT-077/img1/000066.jpg,11,2
SNMOT-077/img1/000066.jpg,12,2
SNMOT-077/img1/000066.jpg,13,2
SNMOT-077/img1/000066.jpg,14,2
SNMOT-077/img1/000066.jpg,15,2
SNMOT-077/img1/000066.jpg,16,2
SNMOT-077/img1/000066.jpg,17,2
SNMOT-077/img1/000066.jpg,18,2
SNMOT-077/img1/000066.jpg,19,1
SNMOT-077/img1/000067.jpg,0,2
SNMOT-077/img1/000067.jpg,1,2
SNMOT-077/img1/000067.jpg,2,2
SNMOT-077/img1/000067.jpg,3,2
SNMOT-077/img1/000067.jpg,4,2
SNMOT-077/img1/000067.jpg,5,2
SNMOT-077/img1/000067.jpg,6,2
SNMOT-077/img1/000067.jpg,7,2
SNMOT-077/img1/000067.jpg,8,2
SNMOT-077/img1/000067.jpg,9,2
SNMOT-077/img1/000067.jpg,10,2
SNMOT-077/img1/000067.jpg,11,2
SNMOT-077/img1/000067.jpg,12,2
SNMOT-077/img1/000067.jpg,13,2
SNMOT-077/img1/000067.jpg,14,2
SNMOT-077/img1/000067.jpg,15,2
SNMOT-077/img1/000067.jpg,16,2
SNMOT-077/img1/000067.jpg,17,2
SNMOT-077/img1/000067.jpg,18,2
SNMOT-077/img1/000067.jpg,19,1
SNMOT-077/img1/000068.jpg,0,2
SNMOT-077/img1/000068.jpg,1,2
SNMOT-077/img1/000068.jpg,2,2
SNMOT-077/img1/000068.jpg,3,2
SNMOT-077/img1/000068.jpg,4,2
SNMOT-077/img1/000068.jpg,5,2
SNMOT-077/img1/000068.jpg,6,2
SNMOT-077/img1/000068.jpg,7,2
SNMOT-077/img1/000068.jpg,8,2
SNMOT-077/img1/000068.jpg,9,2
SNMOT-077/img1/000068.jpg,10,2
SNMOT-077/img1/000068.jpg,11,2
SNMOT-077/img1/000068.jpg,12,2
SNMOT-077/img1/000068.jpg,13,2
SNMOT-077/img1/000068.jpg,14,2
SNMOT-077/img1/000068.jpg,15,2
SNMOT-077/img1/000068.jpg,16,2
SNMOT-077/img1/000068.jpg,17,2
SNMOT-077/img1/000068.jpg,18,2
SNMOT-077/img1/000068.jpg,19,1
SNMOT-077/img1/000069.jpg,0,2
SNMOT-077/img1/000069.jpg,1,2
SNMOT-077/img1/000069.jpg,2,2
SNMOT-077/img1/000069.jpg,3,2
SNMOT-077/img1/000069.jpg,4,2
SNMOT-077/img1/000069.jpg,5,2
SNMOT-077/img1/000069.jpg,6,2
SNMOT-077/img1/000069.jpg,7,2
SNMOT-077/img1/000069.jpg,8,2
SNMOT-077/img1/000069.jpg,9,2
SNMOT-077/img1/000069.jpg,10,2
SNMOT-077/img1/000069.jpg,11,2
SNMOT-077/img1/000069.jpg,12,2
SNMOT-077/img1/000069.jpg,13,2
SNMOT-077/img1/000069.jpg,14,2
SNMOT-077/img1/000069.jpg,15,2
SNMOT-077/img1/000069.jpg,16,2
SNMOT-077/img1/000069.jpg,17,2
SNMOT-077/img1/000069.jpg,18,2
SNMOT-077/img1/000069.jpg,19,1
SNMOT-077/img1/000070.jpg,0,2
SNMOT-077/img1/000070.jpg,1,2
SNMOT-077/img1/000070.jpg,2,2
SNMOT-077/img1/000070.jpg,3,2
SNMOT-077/img1/000070.jpg,4,2
SNMOT-077/img1/000070.jpg,5,2
SNMOT-077/img1/000070.jpg,6,2
SNMOT-077/img1/000070.jpg,7,2
SNMOT-077/img1/000070.jpg,8,2
SNMOT-077/img1/000070.jpg,9,2
SNMOT-077/img1/000070.jpg,10,2
SNMOT-077/img1/000070.jpg,11,2
SNMOT-077/img1/000070.jpg,12,2
SNMOT-077/img1/000070.jpg,13,2
SNMOT-077/img1/000070.jpg,14,2
SNMOT-077/img1/000070.jpg,15,2
SNMOT-077/img1/000070.jpg,16,2
SNMOT-077/img1/000070.jpg,17,2
SNMOT-077/img1/000070.jpg,18,2
SNMOT-077/img1/000070.jpg,19,1
SNMOT-077/img1/000071.jpg,0,2
SNMOT-077/img1/000071.jpg,1,2
SNMOT-077/img1/000071.jpg,2,2
SNMOT-077/img1/000071.jpg,3,2
SNMOT-077/img1/000071.jpg,4,2
SNMOT-077/img1/000071.jpg,5,2
SNMOT-077/img1/000071.jpg,6,2
SNMOT-077/img1/000071.jpg,7,2
SNMOT-077/img1/000071.jpg,8,2
SNMOT-077/img1/000071.jpg,9,2
SNMOT-077/img1/000071.jpg,10,2
SNMOT-077/img1/000071.jpg,11,2
SNMOT-077/img1/000071.jpg,12,2
SNMOT-077/img1/000071.jpg,13,2
SNMOT-077/img1/000071.jpg,14,2
SNMOT-077/img1/000071.jpg,15,2
SNMOT-077/img1/000071.jpg,16,2
SNMOT-077/img1/000071.jpg,17,2
SNMOT-077/img1/000071.jpg,18,2
SNMOT-077/img1/000071.jpg,19,1
SNMOT-077/img1/000072.jpg,0,2
SNMOT-077/img1/000072.jpg,1,2
SNMOT-077/img1/000072.jpg,2,2
SNMOT-077/img1/000072.jpg,3,2
SNMOT-077/img1/000072.jpg,4,2
SNMOT-077/img1/000072.jpg,5,2
SNMOT-077/img1/000072.jpg,6,2
SNMOT-077/img1/000072.jpg,7,2
SNMOT-077/img1/000072.jpg,8,2
SNMOT-077/img1/000072.jpg,9,2
SNMOT-077/img1/000072.jpg,10,2
SNMOT-077/img1/000072.jpg,11,2
SNMOT-077/img1/000072.jpg,12,2
SNMOT-077/img1/000072.jpg,13,2
SNMOT-077/img1/000072.jpg,14,2
SNMOT-077/img1/000072.jpg,15,2
SNMOT-077/img1/000072.jpg,16,2
SNMOT-077/img1/000072.jpg,17,2
SNMOT-077/img1/000072.jpg,18,2
SNMOT-077/img1/000072.jpg,19,1
SNMOT-077/img1/000073.jpg,0,2
SNMOT-077/img1/000073.jpg,1,2
SNMOT-077/img1/000073.jpg,2,2
SNMOT-077/img1/000073.jpg,3,2
SNMOT-077/img1/000073.jpg,4,2
SNMOT-077/img1/000073.jpg,5,2
SNMOT-077/img1/000073.jpg,6,2
SNMOT-077/img1/000073.jpg,7,2
SNMOT-077/img1/000073.jpg,8,2
SNMOT-077/img1/000073.jpg,9,2
SNMOT-077/img1/000073.jpg,10,2
SNMOT-077/img1/000073.jpg,11,2
SNMOT-077/img1/000073.jpg,12,2
SNMOT-077/img1/000073.jpg,13,2
SNMOT-077/img1/000073.jpg,14,2
SNMOT-077/img1/000073.jpg,15,2
SNMOT-077/img1/000073.jpg,16,2
SNMOT-077/img1/000073.jpg,17,2
SNMOT-077/img1/000073.jpg,18,2
SNMOT-077/img1/000073.jpg,19,1
SNMOT-077/img1/000074.jpg,0,2
SNMOT-077/img1/000074.jpg,1,2
SNMOT-077/img1/000074.jpg,2,2
SNMOT-077/img1/000074.jpg,3,2
SNMOT-077/img1/000074.jpg,4,2
SNMOT-077/img1/000074.jpg,5,2
SNMOT-077/img1/000074.jpg,6,2
SNMOT-077/img1/000074.jpg,7,2
SNMOT-077/img1/000074.jpg,8,2
SNMOT-077/img1/000074.jpg,9,2
SNMOT-077/img1/000074.jpg,10,2
SNMOT-077/img1/000074.jpg,11,2
SNMOT-077/img1/000074.jpg,12,2
SNMOT-077/img1/000074.jpg,13,2
SNMOT-077/img1/000074.jpg,14,2
SNMOT-077/img1/000074.jpg,15,2
SNMOT-077/img1/000074.jpg,16,2
SNMOT-077/img1/000074.jpg,17,2
SNMOT-077/img1/000074.jpg,18,2
SNMOT-077/img1/000074.jpg,19,1
SNMOT-077/img1/000075.jpg,0,2
SNMOT-077/img1/000075.jpg,1,2
SNMOT-077/img1/000075.jpg,2,2
SNMOT-077/img1/000075.jpg,3,2
SNMOT-077/img1/000075.jpg,4,2
SNMOT-077/img1/000075.jpg,5,2
SNMOT-077/img1/000075.jpg,6,2
SNMOT-077/img1/000075.jpg,7,2
SNMOT-077/img1/000075.jpg,8,2
SNMOT-077/img1/000075.jpg,9,2
SNMOT-077/img1/000075.jpg,10,2
SNMOT-077/img1/000075.jpg,11,2
SNMOT-077/img1/000075.jpg,12,2
SNMOT-077/img1/000075.jpg,13,2
SNMOT-077/img1/000075.jpg,14,2
SNMOT-077/img1/000075.jpg,15,2
SNMOT-077/img1/000075.jpg,16,2
SNMOT-077/img1/000075.jpg,17,2
SNMOT-077/img1/000075.jpg,18,2
SNMOT-077/img1/000075.jpg,19,1
SNMOT-077/img1/000076.jpg,0,2
SNMOT-077/img1/000076.jpg,1,2
SNMOT-077/img1/000076.jpg,2,2
SNMOT-077/img1/000076.jpg,3,2
SNMOT-077/img1/000076.jpg,4,2
SNMOT-077/img1/000076.jpg,5,2
SNMOT-077/img1/000076.jpg,6,2
SNMOT-077/img1/000076.jpg,7,2
SNMOT-077/img1/000076.jpg,8,2
SNMOT-077/img1/000076.jpg,9,2
SNMOT-077/img1/000076.jpg,10,2
SNMOT-077/img1/000076.jpg,11,2
SNMOT-077/img1/000076.jpg,12,2
SNMOT-077/img1/000076.jpg,13,2
SNMOT-077/img1/000076.jpg,14,2
SNMOT-077/img1/000076.jpg,15,2
SNMOT-077/img1/000076.jpg,16,2
SNMOT-077/img1/000076.jpg,17,2
SNMOT-077/img1/000076.jpg,18,2
SNMOT-077/img1/000076.jpg,19,1
SNMOT-077/img1/000077.jpg,0,2
SNMOT-077/img1/000077.jpg,1,2
SNMOT-077/img1/000077.jpg,2,2
SNMOT-077/img1/000077.jpg,3,2
SNMOT-077/img1/000077.jpg,4,2
SNMOT-077/img1/000077.jpg,5,2
SNMOT-077/img1/000077.jpg,6,2
SNMOT-077/img1/000077.jpg,7,2
SNMOT-077/img1/000077.jpg,8,2
SNMOT-077/img1/000077.jpg,9,2
SNMOT-077/img1/000077.jpg,10,2
SNMOT-077/img1/000077.jpg,11,2
SNMOT-077/img1/000077.jpg,12,2
SNMOT-077/img1/000077.jpg,13,2
SNMOT-077/img1/000077.jpg,14,2
SNMOT-077/img1/000077.jpg,15,2
SNMOT-077/img1/000077.jpg,16,2
SNMOT-077/img1/000077.jpg,17,2
SNMOT-077/img1/000077.jpg,18,2
SNMOT-077/img1/000077.jpg,19,1
SNMOT-077/img1/000078.jpg,0,2
SNMOT-077/img1/000078.jpg,1,2
SNMOT-077/img1/000078.jpg,2,2
SNMOT-077/img1/000078.jpg,3,2
SNMOT-077/img1/000078.jpg,4,2
SNMOT-077/img1/000078.jpg,5,2
SNMOT-077/img1/000078.jpg,6,2
SNMOT-077/img1/000078.jpg,7,2
SNMOT-077/img1/000078.jpg,8,2
SNMOT-077/img1/000078.jpg,9,2
SNMOT-077/img1/000078.jpg,10,2
SNMOT-077/img1/000078.jpg,11,2
SNMOT-077/img1/000078.jpg,12,2
SNMOT-077/img1/000078.jpg,13,2
SNMOT-077/img1/000078.jpg,14,2
SNMOT-077/img1/000078.jpg,15,2
SNMOT-077/img1/000078.jpg,16,2
SNMOT-077/img1/000078.jpg,17,2
SNMOT-077/img1/000078.jpg,18,2
SNMOT-077/img1/000078.jpg,19,1
SNMOT-077/img1/000079.jpg,0,2
SNMOT-077/img1/000079.jpg,1,2
SNMOT-077/img1/000079.jpg,2,2
SNMOT-077/img1/000079.jpg,3,2
SNMOT-077/img1/000079.jpg,4,2
SNMOT-077/img1/000079.jpg,5,2
SNMOT-077/img1/000079.jpg,6,2
SNMOT-077/img1/000079.jpg,7,2
SNMOT-077/img1/000079.jpg,8,2
SNMOT-077/img1/000079.jpg,9,2
SNMOT-077/img1/000079.jpg,10,2
SNMOT-077/img1/000079.jpg,11,2
SNMOT-077/img1/000079.jpg,12,2
SNMOT-077/img1/000079.jpg,13,2
SNMOT-077/img1/000079.jpg,14,2
SNMOT-077/img1/000079.jpg,15,2
SNMOT-077/img1/000079.jpg,16,2
SNMOT-077/img1/000079.jpg,17,2
SNMOT-077/img1/000079.jpg,18,2
SNMOT-077/img1/000079.jpg,19,1
SNMOT-077/img1/000080.jpg,0,2
SNMOT-077/img1/000080.jpg,1,2
SNMOT-077/img1/000080.jpg,2,2
SNMOT-077/img1/000080.jpg,3,2
SNMOT-077/img1/000080.jpg,4,2
SNMOT-077/img1/000080.jpg,5,2
SNMOT-077/img1/000080.jpg,6,2
SNMOT-077/img1/000080.jpg,7,2
SNMOT-077/img1/000080.jpg,8,2
SNMOT-077/img1/000080.jpg,9,2
SNMOT-077/img1/000080.jpg,10,2
SNMOT-077/img1/000080.jpg,11,2
SNMOT-077/img1/000080.jpg,12,2
SNMOT-077/img1/000080.jpg,13,2
SNMOT-077/img1/000080.jpg,14,2
SNMOT-077/img1/000080.jpg,15,2
SNMOT-077/img1/000080.jpg,16,2
SNMOT-077/img1/000080.jpg,17,2
SNMOT-077/img1/000080.jpg,18,2
SNMOT-077/img1/000080.jpg,19,1
SNMOT-077/img1/000081.jpg,0,2
SNMOT-077/img1/000081.jpg,1,2
SNMOT-077/img1/000081.jpg,2,2
SNMOT-077/img1/000081.jpg,3,2
SNMOT-077/img1/000081.jpg,4,2
SNMOT-077/img1/000081.jpg,5,2
SNMOT-077/img1/000081.jpg,6,2
SNMOT-077/img1/000081.jpg,7,2
SNMOT-077/img1/000081.jpg,8,2
SNMOT-077/img1/000081.jpg,9,2
SNMOT-077/img1/000081.jpg,10,2
SNMOT-077/img1/000081.jpg,11,2
SNMOT-077/img1/000081.jpg,12,2
SNMOT-077/img1/000081.jpg,13,2
SNMOT-077/img1/000081.jpg,14,2
SNMOT-077/img1/000081.jpg,15,2
SNMOT-077/img1/000081.jpg,16,2
SNMOT-077/img1/000081.jpg,17,2
SNMOT-077/img1/000081.jpg,18,2
SNMOT-077/img1/000081.jpg,19,1
SNMOT-077/img1/000082.jpg,0,2
SNMOT-077/img1/000082.jpg,1,2
SNMOT-077/img1/000082.jpg,2,2
SNMOT-077/img1/000082.jpg,3,2
SNMOT-077/img1/000082.jpg,4,2
SNMOT-077/img1/000082.jpg,5,2
SNMOT-077/img1/000082.jpg,6,2
SNMOT-077/img1/000082.jpg,7,2
SNMOT-077/img1/000082.jpg,8,2
SNMOT-077/img1/000082.jpg,9,2
SNMOT-077/img1/000082.jpg,10,2
SNMOT-077/img1/000082.jpg,11,2
SNMOT-077/img1/000082.jpg,12,2
SNMOT-077/img1/000082.jpg,13,2
SNMOT-077/img1/000082.jpg,14,2
SNMOT-077/img1/000082.jpg,15,2
SNMOT-077/img1/000082.jpg,16,2
SNMOT-077/img1/000082.jpg,17,2
SNMOT-077/img1/000082.jpg,18,2
SNMOT-077/img1/000082.jpg,19,1
SNMOT-077/img1/000083.jpg,0,2
SNMOT-077/img1/000083.jpg,1,2
SNMOT-077/img1/000083.jpg,2,2
SNMOT-077/img1/000083.jpg,3,2
SNMOT-077/img1/000083.jpg,4,2
SNMOT-077/img1/000083.jpg,5,2
SNMOT-077/img1/000083.jpg,6,2
SNMOT-077/img1/000083.jpg,7,2
SNMOT-077/img1/000083.jpg,8,2
SNMOT-077/img1/000083.jpg,9,2
SNMOT-077/img1/000083.jpg,10,2
SNMOT-077/img1/000083.jpg,11,2
SNMOT-077/img1/000083.jpg,12,2
SNMOT-077/img1/000083.jpg,13,2
SNMOT-077/img1/000083.jpg,14,2
SNMOT-077/img1/000083.jpg,15,2
SNMOT-077/img1/000083.jpg,16,2
SNMOT-077/img1/000083.jpg,17,2
SNMOT-077/img1/000083.jpg,18,2
SNMOT-077/img1/000083.jpg,19,1
SNMOT-077/img1/000084.jpg,0,2
SNMOT-077/img1/000084.jpg,1,2
SNMOT-077/img1/000084.jpg,2,2
SNMOT-077/img1/000084.jpg,3,2
SNMOT-077/img1/000084.jpg,4,2
SNMOT-077/img1/000084.jpg,5,2
SNMOT-077/img1/000084.jpg,6,2
SNMOT-077/img1/000084.jpg,7,2
SNMOT-077/img1/000084.jpg,8,2
SNMOT-077/img1/000084.jpg,9,2
SNMOT-077/img1/000084.jpg,10,2
SNMOT-077/img1/000084.jpg,11,2
SNMOT-077/img1/000084.jpg,12,2
SNMOT-077/img1/000084.jpg,13,2
SNMOT-077/img1/000084.jpg,14,2
SNMOT-077/img1/000084.jpg,15,2
SNMOT-077/img1/000084.jpg,16,2
SNMOT-077/img1/000084.jpg,17,2
SNMOT-077/img1/000084.jpg,18,2
SNMOT-077/img1/000084.jpg,19,1
SNMOT-077/img1/000085.jpg,0,2
SNMOT-077/img1/000085.jpg,1,2
SNMOT-077/img1/000085.jpg,2,2
SNMOT-077/img1/000085.jpg,3,2
SNMOT-077/img1/000085.jpg,4,2
SNMOT-077/img1/000085.jpg,5,2
SNMOT-077/img1/000085.jpg,6,2
SNMOT-077/img1/000085.jpg,7,2
SNMOT-077/img1/000085.jpg,8,2
SNMOT-077/img1/000085.jpg,9,2
SNMOT-077/img1/000085.jpg,10,2
SNMOT-077/img1/000085.jpg,11,2
SNMOT-077/img1/000085.jpg,12,2
SNMOT-077/img1/000085.jpg,13,2
SNMOT-077/img1/000085.jpg,14,2
SNMOT-077/img1/000085.jpg,15,2
SNMOT-077/img1/000085.jpg,16,2
SNMOT-077/img1/000085.jpg,17,2
SNMOT-077/img1/000085.jpg,18,2
SNMOT-077/img1/000085.jpg,19,1
SNMOT-077/img1/000086.jpg,0,2
SNMOT-077/img1/000086.jpg,1,2
SNMOT-077/img1/000086.jpg,2,2
SNMOT-077/img1/000086.jpg,3,2
SNMOT-077/img1/000086.jpg,4,2
SNMOT-077/img1/000086.jpg,5,2
SNMOT-077/img1/000086.jpg,6,2
SNMOT-077/img1/000086.jpg,7,2
SNMOT-077/img1/000086.jpg,8,2
SNMOT-077/img1/000086.jpg,9,2
SNMOT-077/img1/000086.jpg,10,2
SNMOT-077/img1/000086.jpg,11,2
SNMOT-077/img1/000086.jpg,12,2
SNMOT-077/img1/000086.jpg,13,2
SNMOT-077/img1/000086.jpg,14,2
SNMOT-077/img1/000086.jpg,15,2
SNMOT-077/img1/000086.jpg,16,2
SNMOT-077/img1/000086.jpg,17,2
SNMOT-077/img1/000086.jpg,18,2
SNMOT-077/img1/000086.jpg,19,1
SNMOT-077/img1/000087.jpg,0,2
SNMOT-077/img1/000087.jpg,1,2
SNMOT-077/img1/000087.jpg,2,2
SNMOT-077/img1/000087.jpg,3,2
SNMOT-077/img1/000087.jpg,4,2
SNMOT-077/img1/000087.jpg,5,2
SNMOT-077/img1/000087.jpg,6,2
SNMOT-077/img1/000087.jpg,7,2
SNMOT-077/img1/000087.jpg,8,2
SNMOT-077/img1/000087.jpg,9,2
SNMOT-077/img1/000087.jpg,10,2
SNMOT-077/img1/000087.jpg,11,2
SNMOT-077/img1/000087.jpg,12,2
SNMOT-077/img1/000087.jpg,13,2
SNMOT-077/img1/000087.jpg,14,2
SNMOT-077/img1/000087.jpg,15,2
SNMOT-077/img1/000087.jpg,16,2
SNMOT-077/img1/000087.jpg,17,2
SNMOT-077/img1/000087.jpg,18,2
SNMOT-077/img1/000087.jpg,19,1
SNMOT-077/img1/000088.jpg,0,2
SNMOT-077/img1/000088.jpg,1,2
SNMOT-077/img1/000088.jpg,2,2
SNMOT-077/img1/000088.jpg,3,2
SNMOT-077/img1/000088.jpg,4,2
SNMOT-077/img1/000088.jpg,5,2
SNMOT-077/img1/000088.jpg,6,2
SNMOT-077/img1/000088.jpg,7,2
SNMOT-077/img1/000088.jpg,8,2
SNMOT-077/img1/000088.jpg,9,2
SNMOT-077/img1/000088.jpg,10,2
SNMOT-077/img1/000088.jpg,11,2
SNMOT-077/img1/000088.jpg,12,2
SNMOT-077/img1/000088.jpg,13,2
SNMOT-077/img1/000088.jpg,14,2
SNMOT-077/img1/000088.jpg,15,2
SNMOT-077/img1/000088.jpg,16,2
SNMOT-077/img1/000088.jpg,17,2
SNMOT-077/img1/000088.jpg,18,2
SNMOT-077/img1/000088.jpg,19,1
SNMOT-077/img1/000089.jpg,0,2
SNMOT-077/img1/000089.jpg,1,2
SNMOT-077/img1/000089.jpg,2,2
SNMOT-077/img1/000089.jpg,3,2
SNMOT-077/img1/000089.jpg,4,2
SNMOT-077/img1/000089.jpg,5,2
SNMOT-077/img1/000089.jpg,6,2
SNMOT-077/img1/000089.jpg,7,2
SNMOT-077/img1/000089.jpg,8,2
SNMOT-077/img1/000089.jpg,9,2
SNMOT-077/img1/000089.jpg,10,2
SNMOT-077/img1/000089.jpg,11,2
SNMOT-077/img1/000089.jpg,12,2
SNMOT-077/img1/000089.jpg,13,2
SNMOT-077/img1/000089.jpg,14,2
SNMOT-077/img1/000089.jpg,15,2
SNMOT-077/img1/000089.jpg,16,2
SNMOT-077/img1/000089.jpg,17,2
SNMOT-077/img1/000089.jpg,18,2
SNMOT-077/img1/000089.jpg,19,1
SNMOT-077/img1/000090.jpg,0,2
SNMOT-077/img1/000090.jpg,1,2
SNMOT-077/img1/000090.jpg,2,2
SNMOT-077/img1/000090.jpg,3,2
SNMOT-077/img1/000090.jpg,4,2
SNMOT-077/img1/000090.jpg,5,2
SNMOT-077/img1/000090.jpg,6,2
SNMOT-077/img1/000090.jpg,7,2
SNMOT-077/img1/000090.jpg,8,2
SNMOT-077/img1/000090.jpg,9,2
SNMOT-077/img1/000090.jpg,10,2
SNMOT-077/img1/000090.jpg,11,2
SNMOT-077/img1/000090.jpg,12,2
SNMOT-077/img1/000090.jpg,13,2
SNMOT-077/img1/000090.jpg,14,2
SNMOT-077/img1/000090.jpg,15,2
SNMOT-077/img1/000090.jpg,16,2
SNMOT-077/img1/000090.jpg,17,2
SNMOT-077/img1/000090.jpg,18,2
SNMOT-077/img1/000090.jpg,19,1
SNMOT-077/img1/000091.jpg,0,2
SNMOT-077/img1/000091.jpg,1,2
SNMOT-077/img1/000091.jpg,2,2
SNMOT-077/img1/000091.jpg,3,2
SNMOT-077/img1/000091.jpg,4,2
SNMOT-077/img1/000091.jpg,5,2
SNMOT-077/img1/000091.jpg,6,2
SNMOT-077/img1/000091.jpg,7,2
SNMOT-077/img1/000091.jpg,8,2
SNMOT-077/img1/000091.jpg,9,2
SNMOT-077/img1/000091.jpg,10,2
SNMOT-077/img1/000091.jpg,11,2
SNMOT-077/img1/000091.jpg,12,2
SNMOT-077/img1/000091.jpg,13,2
SNMOT-077/img1/000091.jpg,14,2
SNMOT-077/img1/000091.jpg,15,2
SNMOT-077/img1/000091.jpg,16,2
SNMOT-077/img1/000091.jpg,17,2
SNMOT-077/img1/000091.jpg,18,2
SNMOT-077/img1/000091.jpg,19,1
SNMOT-077/img1/000092.jpg,0,2
SNMOT-077/img1/000092.jpg,1,2
SNMOT-077/img1/000092.jpg,2,2
SNMOT-077/img1/000092.jpg,3,2
SNMOT-077/img1/000092.jpg,4,2
SNMOT-077/img1/000092.jpg,5,2
SNMOT-077/img1/000092.jpg,6,2
SNMOT-077/img1/000092.jpg,7,2
SNMOT-077/img1/000092.jpg,8,2
SNMOT-077/img1/000092.jpg,9,2
SNMOT-077/img1/000092.jpg,10,2
SNMOT-077/img1/000092.jpg,11,2
SNMOT-077/img1/000092.jpg,12,2
SNMOT-077/img1/000092.jpg,13,2
SNMOT-077/img1/000092.jpg,14,2
SNMOT-077/img1/000092.jpg,15,2
SNMOT-077/img1/000092.jpg,16,2
SNMOT-077/img1/000092.jpg,17,2
SNMOT-077/img1/000092.jpg,18,1
SNMOT-077/img1/000093.jpg,0,2
SNMOT-077/img1/000093.jpg,1,2
SNMOT-077/img1/000093.jpg,2,2
SNMOT-077/img1/000093.jpg,3,2
SNMOT-077/img1/000093.jpg,4,2
SNMOT-077/img1/000093.jpg,5,2
SNMOT-077/img1/000093.jpg,6,2
SNMOT-077/img1/000093.jpg,7,2
SNMOT-077/img1/000093.jpg,8,2
SNMOT-077/img1/000093.jpg,9,2
SNMOT-077/img1/000093.jpg,10,2
SNMOT-077/img1/000093.jpg,11,2
SNMOT-077/img1/000093.jpg,12,2
SNMOT-077/img1/000093.jpg,13,2
SNMOT-077/img1/000093.jpg,14,2
SNMOT-077/img1/000093.jpg,15,2
SNMOT-077/img1/000093.jpg,16,2
SNMOT-077/img1/000093.jpg,17,2
SNMOT-077/img1/000093.jpg,18,1
SNMOT-077/img1/000094.jpg,0,2
SNMOT-077/img1/000094.jpg,1,2
SNMOT-077/img1/000094.jpg,2,2
SNMOT-077/img1/000094.jpg,3,2
SNMOT-077/img1/000094.jpg,4,2
SNMOT-077/img1/000094.jpg,5,2
SNMOT-077/img1/000094.jpg,6,2
SNMOT-077/img1/000094.jpg,7,2
SNMOT-077/img1/000094.jpg,8,2
SNMOT-077/img1/000094.jpg,9,2
SNMOT-077/img1/000094.jpg,10,2
SNMOT-077/img1/000094.jpg,11,2
SNMOT-077/img1/000094.jpg,12,2
SNMOT-077/img1/000094.jpg,13,2
SNMOT-077/img1/000094.jpg,14,2
SNMOT-077/img1/000094.jpg,15,2
SNMOT-077/img1/000094.jpg,16,2
SNMOT-077/img1/000094.jpg,17,2
SNMOT-077/img1/000094.jpg,18,1
SNMOT-077/img1/000095.jpg,0,2
SNMOT-077/img1/000095.jpg,1,2
SNMOT-077/img1/000095.jpg,2,2
SNMOT-077/img1/000095.jpg,3,2
SNMOT-077/img1/000095.jpg,4,2
SNMOT-077/img1/000095.jpg,5,2
SNMOT-077/img1/000095.jpg,6,2
SNMOT-077/img1/000095.jpg,7,2
SNMOT-077/img1/000095.jpg,8,2
SNMOT-077/img1/000095.jpg,9,2
SNMOT-077/img1/000095.jpg,10,2
SNMOT-077/img1/000095.jpg,11,2
SNMOT-077/img1/000095.jpg,12,2
SNMOT-077/img1/000095.jpg,13,2
SNMOT-077/img1/000095.jpg,14,2
SNMOT-077/img1/000095.jpg,15,2
SNMOT-077/img1/000095.jpg,16,2
SNMOT-077/img1/000095.jpg,17,2
SNMOT-077/img1/000095.jpg,18,1
SNMOT-077/img1/000096.jpg,0,2
SNMOT-077/img1/000096.jpg,1,2
SNMOT-077/img1/000096.jpg,2,2
SNMOT-077/img1/000096.jpg,3,2
SNMOT-077/img1/000096.jpg,4,2
SNMOT-077/img1/000096.jpg,5,2
SNMOT-077/img1/000096.jpg,6,2
SNMOT-077/img1/000096.jpg,7,2
SNMOT-077/img1/000096.jpg,8,2
SNMOT-077/img1/000096.jpg,9,2
SNMOT-077/img1/000096.jpg,10,2
SNMOT-077/img1/000096.jpg,11,2
SNMOT-077/img1/000096.jpg,12,2
SNMOT-077/img1/000096.jpg,13,2
SNMOT-077/img1/000096.jpg,14,2
SNMOT-077/img1/000096.jpg,15,2
SNMOT-077/img1/000096.jpg,16,2
SNMOT-077/img1/000096.jpg,17,2
SNMOT-077/img1/000096.jpg,18,1
SNMOT-077/img1/000097.jpg,0,2
SNMOT-077/img1/000097.jpg,1,2
SNMOT-077/img1/000097.jpg,2,2
SNMOT-077/img1/000097.jpg,3,2
SNMOT-077/img1/000097.jpg,4,2
SNMOT-077/img1/000097.jpg,5,2
SNMOT-077/img1/000097.jpg,6,2
SNMOT-077/img1/000097.jpg,7,2
SNMOT-077/img1/000097.jpg,8,2
SNMOT-077/img1/000097.jpg,9,2
SNMOT-077/img1/000097.jpg,10,2
SNMOT-077/img1/000097.jpg,11,2
SNMOT-077/img1/000097.jpg,12,2
SNMOT-077/img1/000097.jpg,13,2
SNMOT-077/img1/000097.jpg,14,2
SNMOT-077/img1/000097.jpg,15,2
SNMOT-077/img1/000097.jpg,16,2
SNMOT-077/img1/000097.jpg,17,2
SNMOT-077/img1/000097.jpg,18,1
SNMOT-077/img1/000098.jpg,0,2
SNMOT-077/img1/000098.jpg,1,2
SNMOT-077/img1/000098.jpg,2,2
SNMOT-077/img1/000098.jpg,3,2
SNMOT-077/img1/000098.jpg,4,2
SNMOT-077/img1/000098.jpg,5,2
SNMOT-077/img1/000098.jpg,6,2
SNMOT-077/img1/000098.jpg,7,2
SNMOT-077/img1/000098.jpg,8,2
SNMOT-077/img1/000098.jpg,9,2
SNMOT-077/img1/000098.jpg,10,2
SNMOT-077/img1/000098.jpg,11,2
SNMOT-077/img1/000098.jpg,12,2
SNMOT-077/img1/000098.jpg,13,2
SNMOT-077/img1/000098.jpg,14,2
SNMOT-077/img1/000098.jpg,15,2
SNMOT-077/img1/000098.jpg,16,2
SNMOT-077/img1/000098.jpg,17,2
SNMOT-077/img1/000098.jpg,18,1
SNMOT-077/img1/000099.jpg,0,2
SNMOT-077/img1/000099.jpg,1,2
SNMOT-077/img1/000099.jpg,2,2
SNMOT-077/img1/000099.jpg,3,2
SNMOT-077/img1/000099.jpg,4,2
SNMOT-077/img1/000099.jpg,5,2
SNMOT-077/img1/000099.jpg,6,2
SNMOT-077/img1/000099.jpg,7,2
SNMOT-077/img1/000099.jpg,8,2
SNMOT-077/img1/000099.jpg,9,2
SNMOT-077/img1/000099.jpg,10,2
SNMOT-077/img1/000099.jpg,11,2
SNMOT-077/img1/000099.jpg,12,2
SNMOT-077/img1/000099.jpg,13,2
SNMOT-077/img1/000099.jpg,14,2
SNMOT-077/img1/000099.jpg,15,2
SNMOT-077/img1/000099.jpg,16,2
SNMOT-077/img1/000099.jpg,17,2
SNMOT-077/img1/000099.jpg,18,1
